filename,dice,iou,sensitivity,precision,specificity,accuracy,hd95,cldice,boundary_f1,tp,tn,fp,fn
ANFC_000009.png,0.5105493252698585,0.3427769270874455,0.5203409532118672,0.5011194030781493,0.9557094113367391,0.9214172363293242,56.4003546088143,0.668031838158734,0.47696945768391513,2686.0,57700.0,2674.0,2476.0
ANFC_000010.png,0.5407158299855014,0.37053497952748393,0.5939313985240287,0.49625220469659337,0.9629935542389305,0.9416503906258904,69.46221994724903,0.707589105045379,0.5319949803729341,2251.0,59461.0,2285.0,1539.0
ANFC_000011.png,0.6119797931511523,0.4409012132361754,0.5302209254508515,0.723549488107025,0.9750081420666277,0.9261627197276893,46.04397502890898,0.6526476758267881,0.429105696532272,3816.0,56881.0,1458.0,3381.0
ANFC_000012.png,0.7599479091651067,0.6128354726691165,0.7669392524045154,0.7530828793366553,0.9861379443588012,0.9746856689456989,5.0,0.9231249705863382,0.6210199522903852,2626.0,61251.0,861.0,798.0
ANFC_000017.png,0.7095815060053831,0.5498847926785847,0.8600000000252253,0.6039478679483806,0.9478211582711329,0.9403839111337223,17.985992610123464,0.8679337458764144,0.25977148753505364,4773.0,56856.0,3130.0,777.0
ANFC_000018.png,0.7841084077831734,0.6448834853689828,0.8727148080729628,0.7118359739586512,0.974722040549792,0.9679107666020522,7.481507819230522,0.923007854070881,0.5661847499522189,3819.0,59614.0,1546.0,557.0
ANFC_000022.png,0.7990850171942271,0.6653968255030486,0.8718801997205157,0.7375087967144586,0.9881834885638316,0.9839172363283705,4.123105625617661,0.9123619098212641,0.7574531652816139,2096.0,62386.0,746.0,308.0
ANFC_000023.png,0.7968927624292447,0.6623622047775808,0.8219659957353985,0.7733039162027388,0.9795925122895183,0.9672851562504993,8.473327868088418,0.8626103411198405,0.582913636911674,4206.0,59186.0,1233.0,911.0
ANFC_000024.png,0.7952505068353243,0.6600961539278615,0.9352861035642759,0.691687657508391,0.9804472843453602,0.9784240722659543,5.0,0.9289251193167755,0.6551747223053384,2746.0,61376.0,1224.0,190.0
ANFC_000025.png,0.48657421075736584,0.32150516683144764,0.41152982295694296,0.5950920246860008,0.9817646963223559,0.9468994140633104,138.50360687600974,0.6955642370575615,0.5622280911778199,1649.0,60407.0,1122.0,2358.0
ANFC_000028.png,0.7008363202269012,0.5394519037080279,0.6561521253565654,0.7520512821148586,0.9841646742870965,0.9617919921880831,14.19120576505835,0.7634711486206558,0.4542400010833683,2933.0,60099.0,967.0,1537.0
ANFC_000893.png,0.6999309392524231,0.5383798141383294,0.9650083313580079,0.5490992821957064,0.9457243009709673,0.9469604492195595,51.0902469138292,0.8219173197771492,0.18414869859832972,4054.0,58006.0,3329.0,147.0
ANFC_000894.png,0.7485199699929742,0.5981078020122521,0.9474406332509298,0.6186341396445019,0.901286099072416,0.9079589843764045,39.096024615711094,0.8135833312539795,0.6802271499926501,8977.0,50527.0,5534.0,498.0
ANFC_000895.png,0.8633329686110808,0.7595302272315112,0.934170021327452,0.8024816924730508,0.984163228026941,0.9809417724612284,4.0,0.9718870480047708,0.8095709893375986,3945.0,60342.0,971.0,278.0
ANFC_000896.png,0.7797783933670513,0.6390465380659425,0.7617372480365665,0.7986948503619387,0.9755954940239815,0.9514770507819905,12.55975072477463,0.9263132321473113,0.703199545061991,5630.0,56726.0,1419.0,1761.0
ANFC_000897.png,0.5632788162418927,0.3920585446006154,0.5358399704508539,0.5936794583226596,0.9670751783433315,0.9315490722666696,93.46546002543384,0.6859393019006288,0.49289500563571836,2893.0,58157.0,1980.0,2506.0
ANFC_000898.png,0.8254019814986681,0.702710177032258,0.9201520912692102,0.7483433957077981,0.9715228367191855,0.9671936035161257,5.830951894845301,0.9505923847292179,0.7669292229448625,5082.0,58304.0,1709.0,441.0
ANFC_000899.png,0.8231551499440336,0.6994593636710574,0.8975321278406082,0.7601618185551761,0.9561179352526987,0.9482574462898521,6.0786244037832935,0.9582770416233495,0.7002381414744945,7892.0,54253.0,2490.0,901.0
ANFC_000900.png,0.8779436331369325,0.7824416482775486,0.8904678618396953,0.8657668190173486,0.9776016173657941,0.965438842773965,4.0,0.9850741254453842,0.7644124610949297,8146.0,55125.0,1263.0,1002.0
ANFC_000901.png,0.7165715876281381,0.5583261059066942,0.9508862629428042,0.5749051128432897,0.9696950404283171,0.9689178466801619,122.10241602851272,0.7401956086216254,0.49189601322719684,2575.0,60924.0,1904.0,133.0
ANFC_000902.png,0.8167297732594886,0.690230984280548,0.8633603238992124,0.7748781897947908,0.950135362553045,0.935745239258793,15.89626356546301,0.8694884428797331,0.7478699629393654,9383.0,51942.0,2726.0,1485.0
ANFC_000903.png,0.7883742052792448,0.650674662699473,0.8896659833727643,0.7077897160679404,0.9467882535865209,0.9395599365243599,14.035668847618199,0.902634881253014,0.7120936080636645,7378.0,54197.0,3046.0,915.0
ANFC_000905.png,0.8015288788502932,0.6687928184103962,0.8713450292793644,0.742070773331043,0.9842021609648208,0.9786071777347015,4.47213595499958,0.9136805978035333,0.7742708015222236,2831.0,61303.0,984.0,418.0
ANFC_000908.png,0.8987811340859797,0.8161693936831242,0.9411764706012927,0.8600405679797078,0.9886942701252037,0.985427856445535,5.830951894845301,0.9855902722681339,0.5881713505240246,4240.0,60341.0,690.0,265.0
ANFC_000909.png,0.8406125921905148,0.7250489237328671,0.8929862617756118,0.7940420060449973,0.9843452196721725,0.9785614013675147,5.0,0.9273287450685304,0.7934373150733425,3705.0,60426.0,961.0,444.0
ANFC_000910.png,0.8347403428198081,0.7163556531907012,0.9444283647049412,0.7478798992097455,0.9822812132539379,0.980285644531551,4.0,0.9689850436104097,0.778792677239461,3263.0,60981.0,1100.0,192.0
ANFC_000911.png,0.461024107033167,0.29956551574438994,0.8604269294382835,0.314866001764828,0.9087708630057325,0.9065246582045514,148.48568134344046,0.563958498750811,0.30684906686388846,2620.0,56790.0,5701.0,425.0
ANFC_000913.png,0.6956362078648854,0.5333145646083601,0.9681431005165003,0.5428407680253281,0.9197868132618278,0.9241180419933455,53.33854141237835,0.7122502504738896,0.25029747691404297,5683.0,54880.0,4786.0,187.0
ANFC_000914.png,0.7781094527678594,0.6368078176740791,0.8052368344203481,0.7527502750955032,0.9855319696801337,0.9761810302738011,9.894431223130107,0.8982946416152461,0.40694179075138076,2737.0,61238.0,899.0,662.0
ANFC_000915.png,0.8432566102488818,0.7289919421593501,0.8606095903978627,0.8265895954080571,0.9845988242115659,0.9748535156253838,7.211102550927978,0.924779336737069,0.7273457943267978,4433.0,59455.0,930.0,718.0
ANFC_000916.png,0.7973579059123087,0.6630051532868179,0.8276620958476956,0.7691944619620524,0.9753978768724044,0.9620819091802661,9.391093797103801,0.887924214114565,0.6471950763463816,4889.0,58162.0,1467.0,1018.0
ANFC_000917.png,0.7794247256005589,0.638571616169283,0.9088191330514165,0.6822836302872376,0.9623654127349068,0.9579925537115785,13.0,0.8675041323719503,0.6761326012800573,4864.0,57919.0,2265.0,488.0
ANFC_000977.png,0.5956825191372045,0.424179380623167,0.4529745743142497,0.8696682465072664,0.9955273643978934,0.9619903564458926,38.85998771147248,0.7045330114171038,0.5982840102368819,1835.0,61210.0,275.0,2216.0
ANFC_000978.png,0.5198911935532317,0.3512520102570062,0.8722190531248037,0.3703075806804777,0.9592367872323466,0.9569091796881576,115.68035012229107,0.7959562118515624,0.6076313924816266,1529.0,61183.0,2600.0,224.0
ANFC_000979.png,0.7278330298742355,0.5721206783589251,0.7534802784937702,0.7038742888908496,0.982395954129906,0.970352172852015,41.3127098388846,0.809812429666906,0.6745647352136541,2598.0,60995.0,1093.0,850.0
ANFC_000980.png,0.6537702330620726,0.4856304988354073,0.5355756794724608,0.8389057752392038,0.9975152367557819,0.9866180419923918,88.35864223421386,0.659695421569137,0.5668451710359876,828.0,63831.0,159.0,718.0
ANFC_000991.png,0.36005625901545146,0.2195540312094537,0.724186704774842,0.23958820812373038,0.9749340572895628,0.9722290039066739,226.7283580184528,0.4847762459360775,0.417638534058066,512.0,63204.0,1625.0,195.0
ANFC_000992.png,0.7009819449317418,0.5396244819459584,0.7068029384519953,0.6952560478494326,0.9844563736882549,0.9711914062504396,21.61855790431203,0.8529100464477487,0.38265817973985405,2213.0,61435.0,970.0,918.0
ANFC_000993.png,0.7447147079171726,0.5932633104684419,0.7358490566631066,0.7537965946263697,0.9824831379742243,0.965728759766148,15.525783420752223,0.854915121040241,0.3615379681829938,3276.0,60014.0,1070.0,1176.0
ANFC_000995.png,0.5439950602741594,0.37362171344918965,0.4789344932104011,0.6295105396107501,0.983235527103105,0.9549255371100629,93.05106113498239,0.7268346386794147,0.48309603981322075,1762.0,60820.0,1037.0,1917.0
ANFC_000996.png,0.779979571013281,0.6393168118487412,0.8349005029882133,0.7318382212513248,0.977051654282482,0.9671325683598766,81.56185328223737,0.8197895176267042,0.4355550586537997,3818.0,59564.0,1399.0,755.0
ANFC_001044.png,0.8313738663366856,0.7114113251763693,0.8324924319433258,0.830258302639967,0.9919121525503587,0.9846801757814839,4.0,0.9617945236157265,0.7272926191337933,2475.0,62057.0,506.0,498.0
ANFC_001046.png,0.7227967420405604,0.5659214675313956,0.7543457498081478,0.6937807449589282,0.9710950067167858,0.9537811279303928,12.36931687685298,0.8246786613516142,0.49111378165965386,3949.0,58558.0,1743.0,1286.0
ANFC_001047.png,0.6149791346787855,0.4440215668499807,0.6996501749875936,0.5485893417812324,0.9625572854038003,0.9465026855476915,77.65078833411131,0.7050326553163353,0.2839598415317499,2800.0,59230.0,2304.0,1202.0
ANFC_001048.png,0.826963834017436,0.7049772701124867,0.9304615384722367,0.7441860465431049,0.9647841994721055,0.9613800048834019,8.94427190999916,0.9190797674923799,0.7137621879357603,6048.0,56957.0,2079.0,452.0
ANFC_001049.png,0.8408495781358889,0.725401606471653,0.8939987626533309,0.7936653240948983,0.9814293011685957,0.9749603271488196,5.91547594742265,0.9249784255842308,0.7735764940347042,4335.0,59560.0,1127.0,514.0
ANFC_001050.png,0.6764931087599069,0.5111368239064019,0.9241631799361498,0.5335144928240467,0.9499287010638137,0.948425292969537,150.00333329629711,0.8020649212016129,0.5659470706502944,3534.0,58622.0,3090.0,290.0
ANFC_001052.png,0.8373291064320727,0.7201772325425435,0.9155112652012516,0.7714494341834796,0.9900993230848659,0.9874725341798788,4.0,0.9932249494635864,0.7036242319755691,2113.0,62602.0,626.0,195.0
ANFC_001054.png,0.8435720344306832,0.7294635373576145,0.8770471151733316,0.8125583567197575,0.986957298553008,0.9803009033206131,4.086173937932368,0.9403115592169884,0.7859468868814148,3481.0,60764.0,803.0,488.0
ANFC_001055.png,0.8467198038170121,0.7341839447573659,0.8496718622129468,0.8437881874045238,0.9873557533797007,0.9771118164065994,4.0,0.940447899296131,0.8134131716748305,4143.0,59893.0,767.0,733.0
ANFC_001058.png,0.776689223333331,0.6349075297828752,0.8082825310472392,0.747472783874908,0.978627486467717,0.9662628173833274,5.830951894845301,0.881372973759642,0.5896211237691872,3845.0,59480.0,1299.0,912.0
ANFC_001059.png,0.8098023396722668,0.6803931537569237,0.7740505109361768,0.8490167054664798,0.98816881804192,0.9712219238285642,5.830951894845301,0.9292455582470874,0.7137632509144812,4015.0,59635.0,714.0,1172.0
ANFC_001060.png,0.7734863231458369,0.6306381557583297,0.6546999653737946,0.9449311639687281,0.9963192236908763,0.9662628173833274,20.584751721683777,0.8609619876865656,0.6583158076624336,3775.0,59550.0,220.0,1991.0
ANFC_001069.png,0.8186376210391911,0.692960632270897,0.8113433859130667,0.8260642010073161,0.9832998324960921,0.9679870605473636,7.211102550927978,0.9304193956795975,0.7180965154550722,4735.0,58703.0,997.0,1101.0
ANFC_001070.png,0.8384504586582935,0.7218378802086102,0.8996258337563647,0.7850653038351696,0.9745070635980652,0.9674835205083088,5.966190378969053,0.9556712392819012,0.7175911626873549,5530.0,57875.0,1514.0,617.0
ANFC_001930.png,0.8236259228996701,0.7001394700487983,0.9339534883823328,0.7366104182273648,0.9635446637111407,0.9606323242193509,6.708203932499369,0.9117462694587966,0.6372812303762766,6024.0,56932.0,2154.0,426.0
ANFC_001931.png,0.8417778929704213,0.7267845155719561,0.9476755495090765,0.7571683891710957,0.9434430086519809,0.9441070556649155,11.704699910719626,0.8957649767995323,0.7543451428240286,9744.0,52129.0,3125.0,538.0
ANFC_001932.png,0.8800494409865695,0.7857931173085388,0.9204371841673008,0.8430570506089282,0.9744331632389143,0.9674224853520597,3.1622776601683795,0.9470793526967044,0.8259746516018597,7832.0,55569.0,1458.0,677.0
ANFC_001934.png,0.8525614518790461,0.7430127332631526,0.9065858901791494,0.8046136501773815,0.9592600629279364,0.9510345458991848,4.0,0.9315148388884771,0.7551791303643107,9278.0,53049.0,2253.0,956.0
ANFC_001935.png,0.8400900901000945,0.7242718446899383,0.8476202499876758,0.8326925462194353,0.9765859585181536,0.9609985351568452,4.0,0.9443806809965131,0.7938818552989995,6714.0,56266.0,1349.0,1207.0
ANFC_001936.png,0.8381830404380014,0.7214415606115522,0.7940320233084032,0.8875330486183106,0.9797227926081746,0.9485778808601597,5.0,0.9208933620572438,0.8179592390768186,8728.0,53438.0,1106.0,2264.0
ANFC_001937.png,0.8309036560206529,0.7107229958531411,0.849219778167962,0.8133609435659169,0.9622390615329841,0.9438934326180437,6.082762530298219,0.9157879963475297,0.8101880427222357,9034.0,52825.0,2073.0,1604.0
ANFC_001938.png,0.7456166200182107,0.5944088800379157,0.6844988502851008,0.8187186539541564,0.9558423645328898,0.894622802735983,12.529964086141668,0.868607407511988,0.5353694922568154,10121.0,48509.0,2241.0,4665.0
ANFC_001939.png,0.8289818108655285,0.7079154009452676,0.8431292238485133,0.8153013400346358,0.945015426337866,0.9222412109386866,31.736363599166463,0.8904205357465073,0.5736613022215319,12351.0,48089.0,2798.0,2298.0
ANFC_001940.png,0.7092532982858388,0.5494906919880934,0.7133606931405964,0.705192931869348,0.9400780634413869,0.9021453857436807,35.4682957019364,0.8142287481009052,0.5177581322867127,7822.0,51301.0,3270.0,3143.0
ANFC_001941.png,0.6345862196321439,0.4647574447967845,0.584932749011264,0.6934515811436486,0.9345722916918173,0.8639678955098883,109.06985990694312,0.7032285553940987,0.4104285540541787,7741.0,48880.0,3422.0,5493.0
ANFC_001942.png,0.8563654715470942,0.7488104374713116,0.9317226890821503,0.7922858303051331,0.9535449658587545,0.9500579833991997,13.152946437965905,0.9127767258801897,0.7559501626384016,9757.0,52506.0,2558.0,715.0
ANFC_001943.png,0.8285368352506036,0.7072666560894207,0.8562903070693724,0.8025259359672958,0.9603060909938835,0.9438171386727324,16.15549442140351,0.9247466363514648,0.7680275898152128,8896.0,52958.0,2189.0,1493.0
ANFC_001944.png,0.8482714468690672,0.7365202890677793,0.8256737809763457,0.8721408589869886,0.9705112148474229,0.942138671875883,23.047754424357738,0.9008391997956331,0.7911022806998421,10600.0,51144.0,1554.0,2238.0
ANFC_001945.png,0.8153444245925412,0.6882544104233786,0.8337238729183875,0.7977578475517706,0.9589006142132994,0.9385223388681256,6.0,0.8936002887929145,0.7696509442154981,8895.0,52612.0,2255.0,1774.0
ANFC_001946.png,0.7122663018827056,0.5531161473404309,0.6520287193478019,0.784766881050566,0.9600059748317711,0.9037170410170943,38.086739844473996,0.776171407376324,0.6127652492595019,7810.0,51416.0,2142.0,4168.0
ANFC_001947.png,0.7500283800800301,0.6000363273453786,0.688157483627939,0.8241237370806881,0.9747921694828856,0.9328002929697755,7.615773105863909,0.8742946846820516,0.6474327288769771,6607.0,54525.0,1410.0,2994.0
ANFC_001948.png,0.7228186528612304,0.5659483318469462,0.8704202855275611,0.618018145759993,0.9029341306597213,0.8979644775406196,35.023344636902,0.7912418702405437,0.49311314294797476,8719.0,50130.0,5389.0,1298.0
ANFC_001949.png,0.7744295830143813,0.6318931758598002,0.7358702153307514,0.8172534041998295,0.9578029141112384,0.9125061035169602,16.0,0.817822081523012,0.4744976562761292,9843.0,49959.0,2201.0,3533.0
ANFC_001950.png,0.8054670806029324,0.6742945862242274,0.819039029204736,0.7923375902441233,0.9509186351715239,0.926376342774561,11.648896312755593,0.8655354372337591,0.7447635417830709,9989.0,50722.0,2618.0,2207.0
ANFC_001951.png,0.787716280492375,0.6497788164886255,0.7941446496180613,0.7813911472667479,0.9609208189051205,0.9359741210947271,29.440573284895812,0.8055686807881269,0.7267432986132981,7785.0,53555.0,2178.0,2018.0
ANFC_001952.png,0.861344825232186,0.7564580079444636,0.8662630710053479,0.856482111287139,0.9586274509812034,0.938140869141569,5.0,0.9346818629163369,0.808185663628473,12592.0,48890.0,2110.0,1944.0
ANFC_001953.png,0.7984340166495333,0.6644945244217129,0.8265225712229515,0.7721918384757896,0.9617672497491436,0.9434356689461757,21.94991286867808,0.8942105877160604,0.7519692071884677,7342.0,54487.0,2166.0,1541.0
ANFC_001954.png,0.8359835626301597,0.7181887951098858,0.8501862451303547,0.8222476056741721,0.9629004749772984,0.9439697265633551,6.082762530298219,0.9439576116575342,0.7019748863043666,9358.0,52506.0,2023.0,1649.0
ANFC_001955.png,0.8398561088787823,0.7239240884844648,0.8881657347247075,0.7965307464817057,0.954692734362958,0.9436187744149229,7.615773105863909,0.9274922120905115,0.718088704875901,9689.0,52152.0,2475.0,1220.0
ANFC_001958.png,0.6139314086604374,0.44293003428790595,0.810565362009393,0.4940745361379951,0.8875740670174369,0.8783874511737307,80.5813057515508,0.7006265346780566,0.4390302988539625,6337.0,51229.0,6489.0,1481.0
ANFC_001959.png,0.7711181970614972,0.6274958220047941,0.7646302251056131,0.7777172135857716,0.963722734228308,0.9353790283212986,41.048751503547585,0.8253722301825933,0.6339415302816592,7134.0,54167.0,2039.0,2196.0
ANFC_001960.png,0.8288513380291652,0.7077251291428405,0.8094259663664167,0.8492320129446759,0.955205956527857,0.9205627441418373,8.599409190956361,0.9264399567911024,0.419442058962869,12606.0,47724.0,2238.0,2968.0
ANFC_001961.png,0.6555463543650953,0.48759312492006845,0.5645205107603558,0.7815702868094433,0.9542824529647665,0.8667144775410963,36.0,0.7652000283137306,0.4802794256130453,8312.0,48489.0,2323.0,6412.0
ANFC_001962.png,0.7574111255605639,0.6095428191607697,0.8839421089064173,0.6625684471884938,0.9439611537217282,0.9373168945322066,10.0,0.8170028893443406,0.6824987747655378,6413.0,55015.0,3266.0,842.0
ANFC_001963.png,0.7486970891170418,0.5983340105920132,0.6949032562769464,0.8115183246246424,0.9611525500745683,0.9095001220716935,31.0,0.8591825978297378,0.672725337588167,8835.0,50770.0,2052.0,3879.0
ANFC_001964.png,0.6992812427660839,0.5376114082271176,0.6637810872523087,0.7387931738598192,0.9383681726242488,0.881256103517437,13.933752305705793,0.7760570311828761,0.4880355476302886,9048.0,48706.0,3199.0,4583.0
ANFC_001965.png,0.7336419449182954,0.5793321580639151,0.7132916241245345,0.755187563382549,0.9273740776402115,0.8762054443378265,27.337070025094263,0.7789818960259719,0.45726513288962944,11173.0,46250.0,3622.0,4491.0
ANFC_001966.png,0.7522633744975907,0.6029023747010009,0.789372078867164,0.7184870064072425,0.9453442022489793,0.921920776368379,10.0,0.8493393190303281,0.548563278427041,7769.0,52650.0,3044.0,2073.0
ANFC_001967.png,0.7042694052179393,0.5435307370821105,0.603610043820605,0.8452202202395871,0.9772380163772705,0.9134368896497584,33.003029607687665,0.7640646512225259,0.5530485945295637,6755.0,53108.0,1237.0,4436.0
ANFC_002020.png,0.8259613029720323,0.7035213618404939,0.8884088514343089,0.7717162471604836,0.9555008385976609,0.9457855224617648,5.0,0.9437244814953588,0.7346217043294757,8431.0,53552.0,2494.0,1059.0
ANFC_002021.png,0.8760179419119445,0.7793878341898963,0.9508413688834523,0.812111425126192,0.9576585756403497,0.9565582275397255,3.1622776601683795,0.9789370887472161,0.8508791368204018,10058.0,52631.0,2327.0,520.0
ANFC_002022.png,0.7982850353944788,0.6642881705928225,0.8753823496232715,0.7336688188631154,0.9505369518074638,0.9404144287118468,4.123105625617661,0.9261811264762061,0.7337739535058337,7727.0,53904.0,2805.0,1100.0
ANFC_002023.png,0.7697743952250311,0.6257180733775823,0.9442697913742717,0.6497115889060231,0.9029052126691455,0.9095306396498181,8.54400374531753,0.8804835105876986,0.575365276656647,9912.0,49695.0,5344.0,585.0
ANFC_002024.png,0.7105388004262596,0.5510354252548055,0.7853183520920871,0.6487623762810938,0.9517847131385504,0.934829711915057,17.56892733185533,0.8092402491721847,0.6391742745186473,5242.0,56023.0,2838.0,1433.0
ANFC_002025.png,0.6873445273874887,0.5236290418662053,0.719680937698245,0.6577890195420638,0.9612748977158709,0.9386291503915616,27.50895366958864,0.828103361029087,0.6095640961901013,4421.0,57093.0,2300.0,1722.0
ANFC_002028.png,0.8592517180003711,0.7532351628920694,0.8788615064318933,0.84049792532444,0.9644153151158185,0.9493713378913976,5.0,0.969917372048342,0.7964008643010975,10128.0,52090.0,1922.0,1396.0
ANFC_002029.png,0.8339831353779136,0.7152410575649113,0.8725927331493604,0.798645480611388,0.9578325302307876,0.9441223144539778,7.810249675906654,0.9164563182554919,0.707525178892024,9198.0,52676.0,2319.0,1343.0
ANFC_002030.png,0.7839763819717003,0.6447048974763746,0.9452559224321522,0.6697104096295582,0.9338200700494202,0.9352416992197382,16.55294535724685,0.8780340237933695,0.7158870040169997,7701.0,53591.0,3798.0,446.0
ANFC_002031.png,0.7557214539373565,0.6073571358702314,0.9476672805482401,0.6284347649472385,0.9381396136913226,0.9390869140634296,90.9076108614661,0.8971641406995959,0.6500181378523661,6175.0,55369.0,3651.0,341.0
ANFC_002032.png,0.6577413984699125,0.4900258398459922,0.8855061636373728,0.5231736923942647,0.9282011232606394,0.9247131347667739,90.6371576074542,0.7674835537871622,0.6217902292637382,4741.0,55861.0,4321.0,613.0
ANFC_002033.png,0.7801733400343691,0.6395772167187813,0.8568281938551245,0.7161078238374612,0.963518080433195,0.9531707763679022,32.06549965628911,0.7443432908155408,0.5801959819250168,5446.0,57021.0,2159.0,910.0
ANFC_002034.png,0.7236005626034543,0.56690761639925,0.7697187313261856,0.6826963906918582,0.9477273919667769,0.9250335693370815,40.046221714849935,0.766687058816247,0.4975579037896505,6431.0,54192.0,2989.0,1924.0
ANFC_002035.png,0.6615403393553594,0.4942549699992239,0.8160192713592234,0.5562397373653037,0.9652495378933497,0.9576873779303332,47.719979110560516,0.7485850369026531,0.47435904454593564,2710.0,60053.0,2162.0,611.0
ANFC_002036.png,0.8136141038289122,0.685792124190061,0.8550694802001987,0.7759925268775346,0.9570412568754225,0.9419250488290113,5.5074250561954985,0.9016162773714334,0.7300160628576061,8307.0,53423.0,2398.0,1408.0
ANFC_002037.png,0.7090621826143176,0.5492612991040072,0.9226138032419069,0.5757881232060311,0.9211763103238569,0.9213256835949506,13.683199950847612,0.7638703298904999,0.504189545316872,6283.0,54097.0,4629.0,527.0
ANFC_002038.png,0.7256823690733648,0.5694674165093063,0.8342621759347877,0.6421111525883895,0.9329981495071227,0.9205627441418373,9.052615881230537,0.8378832652504857,0.6343057354392542,6886.0,53444.0,3838.0,1368.0
ANFC_002039.png,0.750177574847784,0.6002273281155941,0.8584533209639511,0.6661560641857852,0.9349132176246414,0.9248657226573965,12.782337649086235,0.8477363388438124,0.6791719580202653,7393.0,53219.0,3705.0,1219.0
ANFC_002249.png,0.8796281194030641,0.7851215606660181,0.889053742187759,0.8704002582520335,0.9864973936440811,0.9774780273440937,3.0,0.9761228371465791,0.8484042938934823,5393.0,58667.0,803.0,673.0
ANFC_002250.png,0.8069835111667001,0.6764227642627184,0.8953938872298186,0.7344632768674125,0.9614800143432055,0.9544525146491326,36.92690669750294,0.8987409235368338,0.6873466311892611,6240.0,56311.0,2256.0,729.0
ANFC_002251.png,0.807462106505444,0.6770955547285757,0.8949000689360957,0.735589859830677,0.9687437219586027,0.9622039794927644,9.219544457292887,0.9541786031634729,0.6961033957891931,5194.0,57865.0,1867.0,610.0
ANFC_002252.png,0.7743576698232547,0.6317974263689224,0.918158053505297,0.66950146632412,0.9627825570073678,0.9593963623053071,36.62656913662237,0.9232822965266868,0.6542713671761434,4566.0,58309.0,2254.0,407.0
ANFC_002253.png,0.7777463460841352,0.6363215553716522,0.7498181818636694,0.8078354554734897,0.9836598041178016,0.9640350341802364,6.0,0.8882333742762922,0.6825571320849216,4124.0,59055.0,981.0,1376.0
ANFC_002254.png,0.6897980321398448,0.5264822135135996,0.7811400422751253,0.6175816024448104,0.9663473307987801,0.9542999267585099,8.0,0.7651010402057954,0.6213601029861967,3330.0,59211.0,2062.0,933.0
ANFC_002255.png,0.7216863622023835,0.5645612632855725,0.7724600027659702,0.6771757372719761,0.9537468010931462,0.933517456055702,24.951845409024504,0.8120840703419534,0.5433997690262331,5649.0,55530.0,2693.0,1664.0
ANFC_002256.png,0.7823576386889638,0.6425184139196329,0.848500999353964,0.7257807157823364,0.9585394013551629,0.9459381103523875,7.0,0.896617168577689,0.5903694541746736,6368.0,55625.0,2406.0,1137.0
ANFC_002257.png,0.7663954045277172,0.6212650369380548,0.9283850391625442,0.6525371918376732,0.9725385346373228,0.9702148437504546,7.0,0.9154397155741056,0.7414254964856921,3202.0,60382.0,1705.0,247.0
ANFC_002258.png,0.7600653995748963,0.6129882974100892,0.8189826029907546,0.7090562440974153,0.974981555865645,0.9641723632817968,6.464140176446097,0.9000495878922935,0.4739340903086992,3719.0,59469.0,1526.0,822.0
ANFC_002259.png,0.7857533248509971,0.6471117779974326,0.7222036169252841,0.8615661206828673,0.9883654556445443,0.9641113281255477,20.591260281974,0.9325596580211961,0.4528296877048047,4313.0,58871.0,693.0,1659.0
ANFC_002260.png,0.6687228375622146,0.5023167650584842,0.7247037375494672,0.6207704321653382,0.9765924973897246,0.9639434814458628,30.443971956383795,0.7900790754527057,0.4277185855654043,2385.0,60788.0,1457.0,906.0
ANFC_002261.png,0.5814874578874156,0.4099276112906044,0.5764979640557016,0.5865640723330678,0.9775033012338964,0.9564666748053519,31.804449310295194,0.611175283633542,0.36587089705134734,1982.0,60701.0,1397.0,1456.0
ANFC_002262.png,0.7530312699650805,0.603889457580949,0.8779761905021309,0.6592178771493666,0.9649033403477626,0.9586639404303183,6.0,0.8667139149655037,0.6570251176394533,4130.0,58697.0,2135.0,574.0
ANFC_002263.png,0.738925541966171,0.58594917793932,0.6685996930464608,0.8257847061668875,0.98614113585732,0.95773315429752,46.005434140654685,0.8221942575731894,0.7203157608870879,3920.0,58846.0,827.0,1943.0
ANFC_002264.png,0.8018984338109256,0.6693075582840584,0.8395945140450021,0.7674418605073688,0.9788447235769135,0.9681549072270486,4.47213595499958,0.9574738539232986,0.7443340561237106,4224.0,59225.0,1280.0,807.0
ANFC_002265.png,0.7443793690020424,0.592837797232495,0.7503332699009077,0.7385192127950291,0.976859915402225,0.9587097167975052,33.57824943152013,0.7994920019897215,0.7050749452178543,3940.0,58890.0,1395.0,1311.0
ANFC_002266.png,0.6577515866208351,0.49003714969773093,0.5744259699971445,0.7693531283750389,0.985616030686039,0.9539184570319532,48.68363751704327,0.6501348775466048,0.3768821104943751,2902.0,59614.0,870.0,2150.0
ANFC_002268.png,0.8277867528382691,0.7061742006939169,0.8687101587049084,0.7905455443358991,0.9708233756860749,0.9593353271490581,4.47213595499958,0.9282154913697314,0.7732818460563177,6405.0,56466.0,1697.0,968.0
ANFC_002269.png,0.7374772313595769,0.5841298467837457,0.853266596455936,0.6493584603750283,0.9716715257536173,0.964813232422412,16.97056274847714,0.8266984464356374,0.7550689687149711,3239.0,59991.0,1749.0,557.0
ANFC_002270.png,0.6848205031862037,0.5207049721277109,0.8558643429449212,0.57075545789685,0.9554087126781627,0.9489593505867164,58.0,0.7872541681880209,0.5596029239587504,3634.0,58557.0,2733.0,612.0
ANFC_002271.png,0.576378988970679,0.40486827924743973,0.5800044141293302,0.5727986051497823,0.9678714859443017,0.941055297852462,79.97185850116756,0.6821377463785704,0.4414305127678192,2628.0,59045.0,1960.0,1903.0
ANFC_002272.png,0.6964443658503057,0.5342651649431042,0.8100823045658266,0.6107663667994467,0.9586492188021846,0.9476318359382991,16.0,0.8391990871753409,0.5565971819396923,3937.0,58167.0,2509.0,923.0
ANFC_002273.png,0.6521903323481754,0.48388904459849735,0.7419447229354225,0.5818079730958104,0.9363995013075949,0.9156799316419117,56.9033943576232,0.7572309305126392,0.3876103210285854,5181.0,54829.0,3724.0,1802.0
ANFC_002274.png,0.7347508924825779,0.5807163887191569,0.9195804196116626,0.6117859913125392,0.976144341031477,0.9739227294925855,66.0,0.8208589994430918,0.6069072266216756,2367.0,61460.0,1502.0,207.0
ANFC_002373.png,0.8610312440232862,0.7559744194284795,0.9407329843056057,0.7937798197925817,0.9807936011589541,0.9778747558597127,5.0990195135927845,0.9652149389494602,0.775562161555674,4492.0,59594.0,1167.0,283.0
ANFC_002374.png,0.8127872127996811,0.6846179737815979,0.790005178691092,0.8369222329122312,0.9794333356400153,0.9571075439459671,82.2958078588493,0.8790168066661714,0.7006738727076797,6102.0,56623.0,1189.0,1622.0
ANFC_002375.png,0.8565895642895863,0.7491531803021121,0.7905083399731425,0.9347264616183698,0.9899754795905457,0.9593200683599958,6.708203932499369,0.9467145932787289,0.8142437767419327,7962.0,54908.0,556.0,2110.0
ANFC_002376.png,0.8324330741477751,0.7129639044521643,0.7490652708312077,0.9366818060463957,0.9915620827771863,0.9569244384772199,6.324555320336759,0.9417492966122448,0.7216070221186939,7012.0,55701.0,474.0,2349.0
ANFC_002377.png,0.8552036199313419,0.7470355731891869,0.8577912254590647,0.8526315789916897,0.992126110780927,0.9853515625002236,4.0,0.975557265804823,0.7191456142861882,2835.0,61741.0,490.0,470.0
ANFC_002378.png,0.8567831287453161,0.7494493392300432,0.8153769346165375,0.902619652934385,0.9841321301852608,0.9583435058600107,4.242640687119285,0.959464508467583,0.7859516052406259,8166.0,54640.0,881.0,1849.0
ANFC_002379.png,0.8093300786650757,0.6797266515098199,0.7616908311454267,0.8633260039505467,0.978813103225955,0.946365356446131,4.0,0.9328674757722173,0.8080368575903152,7460.0,54561.0,1181.0,2334.0
ANFC_002380.png,0.8422712933909433,0.7275204360137056,0.7936095114631972,0.8972904852137596,0.9918707296395546,0.9755859375003726,5.0990195135927845,0.9364030087621297,0.8064252037035563,4272.0,59664.0,489.0,1111.0
ANFC_002381.png,0.8846609416727376,0.7931766892614925,0.8402475038897135,0.9340315773121727,0.9927770646128751,0.9762268066409878,3.1622776601683795,0.9740927628946446,0.8815959990387556,5975.0,58003.0,422.0,1136.0
ANFC_002382.png,0.8660788095986444,0.7637910085341688,0.86322438892293,0.8689521703249997,0.9837264393864159,0.9703369140629527,3.0,0.9804506265131919,0.8831440353032353,6286.0,57306.0,948.0,996.0
ANFC_002383.png,0.819987661959286,0.6948975324770185,0.9478037649892174,0.7225483801429553,0.9794293083994933,0.9777374267581523,84.00059519592165,0.9580833303932217,0.8664776623526522,3323.0,60754.0,1276.0,183.0
ANFC_002384.png,0.8789237668237906,0.784000000024338,0.8686641698041618,0.8894286079650481,0.9849633209334047,0.9707489013676339,4.0,0.9767939191036779,0.8675152639372814,6958.0,56661.0,865.0,1052.0
ANFC_002385.png,0.8964911580417352,0.8124005209222688,0.8681768981082282,0.92671453330637,0.9831185126044044,0.9604339599615414,4.0,0.9640760227360162,0.8029997336775607,11229.0,51714.0,888.0,1705.0
ANFC_002386.png,0.8907165109170446,0.8029656257463568,0.8831233012396532,0.8984414278787226,0.9934297191368631,0.9866180419923918,3.605551275463989,0.9748048106159141,0.8857236870163631,3574.0,61085.0,404.0,473.0
ANFC_002387.png,0.8497958282916018,0.7388217233278023,0.8012486993129554,0.9046052631803088,0.9933147815778874,0.9792327880862545,9.992442890089812,0.9136572716192147,0.8061326552039286,3850.0,60325.0,406.0,955.0
ANFC_002388.png,0.8961157455750707,0.8117841539955385,0.8716875871850276,0.9219525278366699,0.9899044215859789,0.9756774902347463,3.0,0.9851272896837516,0.9051725295278611,6875.0,57067.0,582.0,1012.0
ANFC_002389.png,0.8695502918065954,0.7692074096918908,0.8032345013789068,0.9478016838264169,0.9952894696855377,0.976806640625354,3.1622776601683795,0.9672848495970066,0.8077943017892479,5066.0,58950.0,279.0,1241.0
ANFC_002390.png,0.8560737672248999,0.7483644860401016,0.8741812227417628,0.8387012307308979,0.9900439617275982,0.9835662841799384,40.65745753277784,0.8992866340957643,0.8178789185644583,3203.0,61256.0,616.0,461.0
ANFC_002391.png,0.7779503999207118,0.6365947829704686,0.7288409703796398,0.8341559723797932,0.9761113382276158,0.9411163330087111,5.385164807134504,0.915107415970145,0.7063379448223296,6760.0,54917.0,1344.0,2515.0
ANFC_002392.png,0.8623260990616402,0.7579729994367078,0.8439167846809806,0.8815564910818573,0.9815278147461356,0.9622497558599511,5.0,0.9814698244788496,0.7454820853948805,7748.0,55314.0,1041.0,1433.0
ANFC_002395.png,0.7877286585568094,0.649795661796637,0.6791522918220548,0.9376275799642487,0.9953741862773912,0.9660034179692688,12.529964086141668,0.8629851926976801,0.7219205160391077,4134.0,59174.0,275.0,1953.0
ANFC_002396.png,0.8690688548140006,0.768454258723774,0.842712177158046,0.8971274245280807,0.9931535947713537,0.983200073242444,7.873251694004628,0.9280200657203395,0.8478904739275305,3654.0,60781.0,419.0,682.0
ANFC_002397.png,0.8634534714610519,0.7597167821995003,0.8469936177616739,0.8805657412466272,0.9885200228258783,0.975662231445684,3.605551275463989,0.9833688044832658,0.8543303172491937,5043.0,58898.0,684.0,911.0
ANFC_002398.png,0.8353514400195209,0.7172562339725577,0.7517582704044666,0.9398610508098284,0.9897443492106528,0.9479217529304823,6.324555320336759,0.9348780882834236,0.8165561886674125,8658.0,53465.0,554.0,2859.0
ANFC_002399.png,0.7578678989914853,0.6101347017818942,0.665733482689567,0.8796005178695024,0.9888512124950533,0.9536285400397702,5.385164807134504,0.8982288697984846,0.7027356414021382,4756.0,57741.0,651.0,2388.0
ANFC_002400.png,0.8453326033538341,0.732100521616548,0.7982078235743223,0.8983708301205643,0.9912276296186157,0.9741363525394573,4.123105625617661,0.9822059034934064,0.6941045808987295,4632.0,59209.0,524.0,1171.0
ANFC_002401.png,0.8550288739259487,0.7467689398185595,0.8118574366219035,0.9030495552855083,0.9865626430913571,0.9632263183599362,5.656854249492381,0.9489150968619396,0.7830014315137354,7107.0,56019.0,763.0,1647.0
ANFC_002402.png,0.8134665186967468,0.685582439550314,0.7691339023689473,0.8632223618305241,0.985082806693297,0.9615325927740246,4.47213595499958,0.9322704171165553,0.7597810835238145,5497.0,57518.0,871.0,1650.0
ANFC_002403.png,0.8652941924091184,0.7625713965995552,0.8260342108666706,0.9084723148887962,0.9880264604753106,0.9676513671879937,6.0,0.964228453193137,0.7802387958851063,6809.0,56607.0,686.0,1434.0
ANFC_002404.png,0.8424294690253524,0.7277564921532826,0.7737044580477818,0.9245538128820235,0.99015838301192,0.9609680175787206,4.0,0.949833088547296,0.8248161445395108,6838.0,56140.0,558.0,2000.0
ANFC_002405.png,0.8017083587687812,0.6690427698948809,0.7532484076747454,0.8568323431594215,0.982872794092451,0.9553680419928686,13.341664064126334,0.8809197056983958,0.5974034876303645,5913.0,56698.0,988.0,1937.0
ANFC_002406.png,0.7936393205824323,0.6578789694940266,0.7149601172529774,0.8917766497681672,0.9910258784706779,0.9651489257817819,15.0,0.830687342783943,0.7225518848066041,4392.0,58860.0,533.0,1751.0
ANFC_002407.png,0.783495873984734,0.6440552541139547,0.696731154143198,0.8949443016461107,0.9894385003706098,0.955963134766297,32.617352447035096,0.8352565946840201,0.6639890128852869,5222.0,57428.0,613.0,2273.0
ANFC_002408.png,0.7917064284035997,0.6552268811523224,0.7894463668184349,0.7939794675841344,0.9801860901000705,0.9633636474614966,9.0,0.9216351086955844,0.6553931891323633,4563.0,58572.0,1184.0,1217.0
ANFC_002410.png,0.8720289028454051,0.7730950775837668,0.8591232671676428,0.8853281853503228,0.99013256254377,0.9794616699221885,3.1622776601683795,0.995374151261452,0.8642081323494009,4586.0,59604.0,594.0,752.0
ANFC_002411.png,0.7722093562045198,0.6289422061824442,0.7308434157932941,0.8185388845603813,0.9845570170309936,0.9624786376958852,6.324555320336759,0.9149095754449564,0.6923487577396019,4168.0,58909.0,924.0,1535.0
ANFC_002412.png,0.8543273350783359,0.7456993269462606,0.8195643239541455,0.8921700224196109,0.9961808471864066,0.9896240234376584,3.1622776601683795,0.9673197576987056,0.7897923986051715,1994.0,62862.0,241.0,439.0
ANFC_002413.png,0.8531476261618777,0.7439036144825153,0.8018701298907148,0.9114312706764961,0.986585823898936,0.9594573974615562,9.219544457292887,0.9248402643176851,0.657259369226454,7718.0,55161.0,750.0,1907.0
ANFC_002414.png,0.8906499570038917,0.8028574593196525,0.882947624862004,0.8984878532599792,0.9857132889092958,0.9728393554691646,5.43950269560603,0.9660766409068805,0.7923926376398247,7249.0,56507.0,819.0,961.0
ANFC_002415.png,0.881284671539779,0.7877649024128025,0.8416239125762186,0.9248682436665194,0.9891638677746303,0.9689788818364109,4.0,0.9793098433489235,0.788974337235619,7546.0,55957.0,613.0,1420.0
ANFC_002416.png,0.9016999684688329,0.8209960325839948,0.8733340737520361,0.9319703703744018,0.9758458172029993,0.947677612305486,4.123105625617661,0.9797220178402705,0.7425648578099534,15727.0,46380.0,1148.0,2281.0
ANFC_002417.png,0.8920308483338343,0.8051044083682611,0.9237194786190821,0.8624442920926941,0.9706269902278353,0.9628295898443173,4.47213595499958,0.9759242375203124,0.7325315922844657,10063.0,53037.0,1605.0,831.0
ANFC_002418.png,0.8546440678064648,0.746182076506904,0.8646090535165145,0.8449061662406292,0.9801359750029163,0.9672851562504993,5.0,0.9835481366179749,0.6793561529924778,6303.0,57089.0,1157.0,987.0
ANFC_002419.png,0.8592432097919026,0.7532220865888994,0.808622196357614,0.9166253921220694,0.9913925345152311,0.9722442626957362,4.242640687119285,0.9458816540636392,0.7817044824115157,5552.0,58165.0,505.0,1314.0
ANFC_002420.png,0.8332961060357906,0.7142310147142016,0.809021252015466,0.8590727663710358,0.9843395486107859,0.9658355712895839,8.949844718999238,0.9114313331340378,0.7301452036232765,5596.0,57701.0,918.0,1321.0
ANFC_002421.png,0.8237937232191417,0.7003820158859605,0.7605463016299352,0.898514664864773,0.973008201817374,0.922210693360562,5.656854249492381,0.915075039236331,0.6450131313055774,11917.0,48521.0,1346.0,3752.0
ANFC_002422.png,0.82909426677457,0.708079432238291,0.818920487536778,0.8395240119133426,0.9646937821418478,0.9378662109384482,8.246211251235321,0.8949098026653065,0.7324706289781958,9877.0,51587.0,1888.0,2184.0
ANFC_002423.png,0.8592601446328059,0.7532481140241777,0.8699177154078028,0.8488605502599055,0.9776505098481343,0.964065551758361,6.324555320336759,0.9248865322025708,0.7812114891483269,7189.0,55992.0,1280.0,1075.0
ANFC_002424.png,0.8504679473752398,0.739838393763487,0.7913829230236533,0.919087452483789,0.9908117443870326,0.9675750732426823,5.0,0.9440982855659176,0.7897644193707705,6043.0,57368.0,532.0,1593.0
ANFC_002425.png,0.8985704561012108,0.8158220025006455,0.8872458410540672,0.910187898653648,0.9912561886382268,0.9818115234377777,2.23606797749979,0.9842034639403353,0.9339653742703925,5280.0,59064.0,521.0,671.0
ANFC_002426.png,0.8800806180769197,0.7858428314497719,0.8803763440960706,0.8797850906749677,0.9732995226735289,0.956420898438165,3.1622776601683795,0.9983039658935939,0.7981868998703862,10480.0,52200.0,1432.0,1424.0
ANFC_002427.png,0.8142157523559233,0.6866474689537249,0.8528000000138541,0.7789718019447239,0.9531787802088256,0.9369049072275254,7.280109889280518,0.8837461860110374,0.8242011241019847,9061.0,52340.0,2571.0,1564.0
ANFC_002428.png,0.7906066536496217,0.6537216829279422,0.7332123412669919,0.8577494692575828,0.9923961153716435,0.9771423339847239,6.367768224739605,0.9140133247259992,0.788862574386183,2828.0,61210.0,469.0,1029.0
ANFC_002429.png,0.8321497012927348,0.7125482626037551,0.8242518982080723,0.8402003187251991,0.9885027351045154,0.9772796630862843,5.0,0.9491169929254686,0.7181575115792004,3691.0,60356.0,702.0,787.0
ANFC_002430.png,0.8716325120958075,0.7724721967378357,0.8887193332681396,0.8551903309776132,0.9775154778403368,0.9659729003911444,4.0,0.9526078778933426,0.838590434717851,7571.0,55735.0,1282.0,948.0
ANFC_002431.png,0.776117288775684,0.634143518560863,0.733074658852947,0.8245297216215908,0.9799180186700438,0.9517669677741736,14.560219778561036,0.8450649554271723,0.7070545991827901,5479.0,56896.0,1166.0,1995.0
ANFC_002432.png,0.8625078038773227,0.7582538208428393,0.8781537258089034,0.847409644253335,0.970764780329583,0.9563140869147292,5.1562485723010765,0.96107727175864,0.7245097826831514,8980.0,53693.0,1617.0,1246.0
ANFC_002433.png,0.8943256344514214,0.8088508355881111,0.8683277962493546,0.9219282774930125,0.9882490355008627,0.971725463867619,3.0,0.9892571321088012,0.8374179010901921,7841.0,55842.0,664.0,1189.0
ANFC_002434.png,0.8611695682761833,0.7561877030175621,0.8393833913675556,0.8841167998056676,0.9846065539556007,0.9667816162114444,4.123105625617661,0.9545449539469592,0.803842754629531,6752.0,56607.0,885.0,1292.0
ANFC_002435.png,0.8820249579713227,0.7889487017433584,0.8649540010649273,0.8997833152943692,0.9907151819324013,0.9796600341799979,4.0,0.9953543012614626,0.7865821107567317,4983.0,59220.0,555.0,778.0
ANFC_002436.png,0.8531944722709663,0.7439748515841221,0.8428967154936161,0.8637469586558871,0.9826071952379846,0.9664459228520746,6.4031242374328485,0.9571436832836763,0.5304483435838022,6390.0,56947.0,1008.0,1191.0
ANFC_002437.png,0.8997335110010215,0.81774144719683,0.8776604386876262,0.9229454980483606,0.9924049780234013,0.9816284179690304,3.1622776601683795,0.9919132439332466,0.8043476085967807,5402.0,58930.0,451.0,753.0
ANFC_002438.png,0.8697826836896437,0.7695711887860849,0.8998126505576044,0.8416923975764256,0.9650818193538189,0.9539184570319532,3.0,0.9687275347453773,0.8390090612153216,10086.0,52430.0,1897.0,1123.0
ANFC_002439.png,0.8703250040935551,0.770420702649932,0.8713211249392869,0.8693311582594893,0.9865196903401797,0.9757690429691198,4.123105625617661,0.9722999531234042,0.8033443865927323,5329.0,58619.0,801.0,787.0
ANFC_002440.png,0.8867515721668472,0.7965441944558489,0.8529023076290635,0.9233986352714727,0.9875042639906012,0.9673004150395615,3.1622776601683795,0.9917000348759014,0.8538336631232747,8390.0,55003.0,696.0,1447.0
ANFC_002441.png,0.8706595906185505,0.7709452202548482,0.8156250000523793,0.9336585366069403,0.9967105263158426,0.9869842529298862,2.8284271247461903,0.9999994963835069,0.8325947155397304,2871.0,61812.0,204.0,649.0
ANFC_002442.png,0.7973237598241966,0.6629579376762665,0.757989450897304,0.8409638554764324,0.9925858167638761,0.9810485839846643,4.123105625617661,0.9718777543580874,0.6644092702738617,2443.0,61851.0,462.0,780.0
ANFC_002443.png,0.805312911355114,0.6740785257063143,0.7436464088964316,0.8781315240401536,0.9923456425891668,0.9751739501956914,5.0990195135927845,0.9660781953222553,0.6335807317778951,3365.0,60544.0,467.0,1160.0
ANFC_002444.png,0.8770965876317889,0.7810970899071469,0.8246329527155203,0.9366893144013759,0.9929529047783955,0.9740600585941459,4.0,0.9771266713540251,0.820859977301906,6066.0,57770.0,410.0,1290.0
ANFC_002445.png,0.8595873175783002,0.7537511033091349,0.8297706957190496,0.8916266444160312,0.9914058618978074,0.9787139892581375,3.0,0.9722034433270237,0.9212058762961977,4270.0,59871.0,519.0,876.0
ANFC_002446.png,0.9012069736401123,0.8201790073717985,0.8865435356533147,0.9163636363889807,0.9955573440644578,0.9898834228517169,3.0,0.9707787180545244,0.9002259928690076,3024.0,61849.0,276.0,387.0
ANFC_002447.png,0.7340545014048558,0.5798468435207464,0.6751114494209948,0.8042746114243168,0.973180212641808,0.9313507080088601,11.0,0.8503522714262766,0.6518371194363702,6209.0,54828.0,1511.0,2988.0
ANFC_002448.png,0.8894107123013071,0.8008457511476347,0.9464540695034616,0.8388525627844646,0.9875436136565764,0.9849090576174179,3.605551275463989,0.9954746100119565,0.8007653765884024,3977.0,60570.0,764.0,225.0
ANFC_002449.png,0.8273011897523731,0.7054677488881956,0.8715039578175451,0.787365911850449,0.9855537200792674,0.9789581298831337,7.0710678118654755,0.9156621510225015,0.6030981841489318,3303.0,60854.0,892.0,487.0
ANFC_002450.png,0.8287562294742068,0.7075864566888309,0.8613621335989944,0.7985288108298878,0.9838358005871598,0.9753570556644386,4.47213595499958,0.9364582136073699,0.7266745060356063,3908.0,60013.0,986.0,629.0
ANFC_002451.png,0.8829066887063738,0.7903607333558957,0.841889763829326,0.9281250000249566,0.9966806176938041,0.9891815185548527,2.8284271247461903,0.976660178837667,0.8925422110848432,2673.0,62154.0,207.0,502.0
ANFC_002452.png,0.8413372247385688,0.7261277765369673,0.8434632265137035,0.8392219134789967,0.9790578623510513,0.963500976563057,5.0,0.9742132287729892,0.6819825948594356,6342.0,56802.0,1215.0,1177.0
ANFC_002453.png,0.7882074295818868,0.6504474848626224,0.7886990146203444,0.7877164569842138,0.9703750065200999,0.9481506347664163,5.830951894845301,0.9215551318761891,0.6388794687191488,6323.0,55815.0,1704.0,1694.0
ANFC_002613.png,0.8671209540260442,0.7654135339051388,0.9305301645592211,0.8118022329148956,0.9906052451395582,0.9880981445314317,4.47213595499958,0.9815564959807966,0.6831419724617339,2545.0,62211.0,590.0,190.0
ANFC_002614.png,0.8185806451846993,0.6928789865240543,0.944891271985436,0.7220578193211795,0.9803631451136178,0.9785461425784525,115.19455573482564,0.8800275142819887,0.7609704758633828,3172.0,60958.0,1221.0,185.0
ANFC_002615.png,0.8411143131909483,0.7257957560590863,0.9592462752150542,0.7488881287208731,0.9883959907675658,0.9873809814455051,4.0,0.9776871231592452,0.8442855861483184,2189.0,62520.0,734.0,93.0
ANFC_002628.png,0.8635518363710424,0.7598690939333465,0.9584623323120582,0.78574450089134,0.9835711968864163,0.9820861816408984,3.605551275463989,0.9935144131545784,0.8251712132065321,3715.0,60647.0,1013.0,161.0
ANFC_002629.png,0.8194514982453718,0.69412776947857,0.8978853645247954,0.7536198038875245,0.982967937748491,0.9783020019534562,3.605551275463989,0.9552198016296195,0.8435737516481027,3227.0,60887.0,1055.0,367.0
ANFC_002642.png,0.8432393607610666,0.7289661596198438,0.8514959202445157,0.8351413836323774,0.9845554056082945,0.9733581542972817,4.242640687119285,0.9048354081663824,0.6591059358701775,4696.0,59094.0,927.0,819.0
ANFC_002643.png,0.8201968592816743,0.6951980639797226,0.8664867439488035,0.7786019971785161,0.9738001586850482,0.9634857177739947,7.031980515339451,0.9172080548975708,0.6840712347494997,5458.0,57685.0,1552.0,841.0
ANFC_002644.png,0.8411934552709026,0.7259136213383406,0.9245416079250558,0.7716303708735638,0.9876236044659071,0.9848937988283556,5.452032870291113,0.8493192679420658,0.759750673240996,2622.0,61924.0,776.0,214.0
ANFC_002658.png,0.8590178439862102,0.7528757916824511,0.8983652066782287,0.822972591152448,0.9787814129922986,0.9708251953129453,3.0,0.9883531905748812,0.8191120798804602,5825.0,57799.0,1253.0,659.0
ANFC_002659.png,0.8500463080028587,0.7392004686280275,0.8926613616458601,0.8113146898406759,0.9803944489908253,0.9728240966801023,4.0,0.9642732622253228,0.8030418544289335,5048.0,58707.0,1174.0,607.0
ANFC_002662.png,0.8334177215358565,0.7144097222718039,0.8895373973433771,0.783958849345788,0.9813823674276575,0.9748992919925706,5.0,0.9281335620024228,0.6346748715532384,4115.0,59776.0,1134.0,511.0
ANFC_002663.png,0.8711596842822611,0.7717297762724042,0.8505038530112029,0.8928438083518552,0.9849214549660265,0.9676208496098692,5.27070668971779,0.9565357223709872,0.6907394585732198,7174.0,56240.0,861.0,1261.0
ANFC_002694.png,0.732022510961438,0.5773150685394723,0.7781388478909692,0.6910665092888539,0.9599258074403579,0.9411468505868357,12.529964086141668,0.8448826753230195,0.5805243618227037,5268.0,56411.0,2355.0,1502.0
ANFC_002695.png,0.7509997895354662,0.6012807550161464,0.8759410802167036,0.6572516272065269,0.9530340255115095,0.945846557618014,10.827747210701755,0.8573932981048283,0.628144828361002,5352.0,56635.0,2791.0,758.0
ANFC_002696.png,0.7274779260620409,0.5716819699946075,0.8052616108457875,0.6633975057920575,0.9526663488395991,0.9373626708993934,8.0,0.8107564442804442,0.585568789498912,5479.0,55952.0,2780.0,1325.0
ANFC_002706.png,0.6888164493675516,0.5253394530956838,0.6556085919265384,0.725567881705551,0.96364336202737,0.9242553710949059,35.00140722852337,0.7901954683268364,0.5416999162739577,5494.0,55078.0,2078.0,2886.0
ANFC_002707.png,0.6432314667818859,0.4740907907756193,0.5533380610319787,0.7679977503138361,0.9703583939644236,0.9075469970717234,15.285606184371746,0.7407280232421107,0.45032006122317475,5462.0,54015.0,1650.0,4409.0
ANFC_002708.png,0.7485047669954104,0.5980883884169501,0.893159977403454,0.6441749057543396,0.9402839548419384,0.9351959228525515,84.30717627524338,0.809157080079029,0.5122496971549841,6320.0,54969.0,3491.0,756.0
ANFC_002715.png,0.7888353547188555,0.6513031550307748,0.907058935914886,0.6978760932095336,0.9253454882247926,0.9224243164074338,8.246211251235321,0.9066429442059705,0.6073940619779225,9496.0,50956.0,4111.0,973.0
ANFC_002716.png,0.7963447526349042,0.6616053511932036,0.9383360212562056,0.6916783216998826,0.919829075371946,0.9228057861339904,6.4031242374328485,0.9198107181966828,0.5985492341499873,9891.0,50586.0,4409.0,650.0
ANFC_002717.png,0.7531417141473609,0.6040315268463394,0.8811558811679736,0.6576049814217021,0.9190600990895552,0.9133758544935093,11.661903789690601,0.9020980607397583,0.5713230958272477,8660.0,51199.0,4509.0,1168.0
ANFC_002742.png,0.6937945066435611,0.531152648048107,0.8813646937499704,0.5720516692548143,0.9586326560403678,0.9540710449225759,5.0990195135927845,0.7936333840033459,0.6032885395003129,3410.0,59116.0,2551.0,459.0
ANFC_002743.png,0.8293167702075382,0.7084040747647699,0.8884748469820403,0.7775448404897403,0.9845416727369407,0.979034423828445,4.242640687119285,0.9374294163737411,0.7605521558696261,3338.0,60824.0,955.0,419.0
ANFC_002744.png,0.7927228127767045,0.6566203861062274,0.9088352472676738,0.7029182527274028,0.9732491145608179,0.9690551757817223,4.158966144068115,0.9183172116165359,0.783849587577,3878.0,59630.0,1639.0,389.0
ANFC_002745.png,0.8383019645777852,0.7216177862531651,0.9005312869242824,0.7841171935789985,0.9864838771965875,0.9820404052737116,3.605551275463989,0.9319709357216953,0.8654164397103845,3051.0,61308.0,840.0,337.0
ANFC_002746.png,0.7554950398992906,0.6070647077825782,0.8051409618977734,0.711615976601023,0.9740743180924023,0.9616394042974604,8.06225774829855,0.888386759620243,0.6501902185750443,3884.0,59138.0,1574.0,940.0
ANFC_002747.png,0.7762039660358554,0.6342592593398899,0.8184921764385513,0.738070805608499,0.9835378339597308,0.9746856689456989,4.0,0.8941777761685477,0.6776866767142292,2877.0,61000.0,1021.0,638.0
ANFC_002751.png,0.792163265340055,0.6558529333182338,0.8277038553982586,0.759549154740279,0.9877326092167122,0.980575561523734,5.024754878398197,0.8518841835978588,0.7470567846053942,2426.0,61837.0,768.0,505.0
ANFC_002752.png,0.7022970903978105,0.5411848006747262,0.5925064600536158,0.8620300752398383,0.994048584309116,0.9703369140629527,8.602325267042627,0.8010994303341793,0.600284003491839,2293.0,61299.0,367.0,1577.0
ANFC_002753.png,0.8352825137614087,0.7171546093111166,0.8442039305485036,0.8265476854917603,0.9899717855704963,0.9821624755862098,5.0990195135927845,0.8931724638200816,0.7992502837823682,2964.0,61403.0,622.0,547.0
ANFC_002783.png,0.8586440109631298,0.7523016650585405,0.9007857394276081,0.8202691157816885,0.9704783455249087,0.9614105224615265,4.47213595499958,0.9665189691417924,0.757381698487573,7681.0,55326.0,1683.0,846.0
ANFC_002784.png,0.7728530074124894,0.629796603100252,0.9197672638309957,0.6664078101102276,0.9490382171011095,0.9461212158211347,8.191025200354256,0.8683454193528752,0.6473224461698709,6007.0,55998.0,3007.0,524.0
ANFC_002785.png,0.8646921189371288,0.7616366743981465,0.878988281717254,0.8508535489835071,0.9766677793984808,0.9638214111333646,4.123105625617661,0.9679466949405227,0.7650368280452426,7576.0,55589.0,1328.0,1043.0
ANFC_002786.png,0.8148148148527081,0.6875000001079076,0.89162561581208,0.750188394969786,0.9895265627223113,0.9861907958986483,18.270142022852884,0.8532105161892868,0.6727072450134536,1991.0,62640.0,663.0,242.0
ANFC_002787.png,0.8376068376153528,0.7205882353193263,0.8743295019294659,0.8038446054947822,0.96544387510921,0.9527435302741587,4.123105625617661,0.9516246226489898,0.6781681719513777,7987.0,54452.0,1949.0,1148.0
ANFC_002788.png,0.8473665771430944,0.7351570415668534,0.9042871385961756,0.797187431356055,0.9679023508143013,0.9601135253912337,4.0,0.9358707937932674,0.7716441970346146,7256.0,55666.0,1846.0,768.0
ANFC_002789.png,0.7993860496959021,0.6658143939710404,0.8796446891180227,0.7325484476211139,0.9553898823496274,0.9461517333992593,5.385164807134504,0.8924144429574238,0.6065632947872299,7031.0,54976.0,2567.0,962.0
ANFC_002790.png,0.6072359844186381,0.4359934473587659,0.8986975398462628,0.4585281812802048,0.9653341316993314,0.9632263183599362,104.12947784302028,0.644627639097025,0.48085484962478925,1863.0,61263.0,2200.0,210.0
ANFC_002791.png,0.8546889258760701,0.7462504687151996,0.8899944102973735,0.8220776538804133,0.9695534625652568,0.9586944580084429,4.123105625617661,0.9701879929744829,0.7180227441524337,7961.0,54868.0,1723.0,984.0
ANFC_002792.png,0.7726145411974537,0.629479953245828,0.9481018741073038,0.6519440467395149,0.9467053446452919,0.9468383789070612,9.0,0.8812392265155957,0.7058261423338013,5919.0,56133.0,3160.0,324.0
ANFC_002793.png,0.8300746924522147,0.7095108440794751,0.8612947344584801,0.8010387958659064,0.9669321024634979,0.9527893066413455,6.0,0.9181936738666856,0.6816343290396609,7557.0,54885.0,1877.0,1217.0
ANFC_002794.png,0.7455101261472086,0.5942735304312295,0.8613686534828395,0.6571236107587998,0.9839104803150904,0.9796752929690602,106.0,0.7529213912312777,0.5989109884755179,1951.0,62253.0,1018.0,314.0
ANFC_002795.png,0.8795157934632422,0.7849426063712647,0.9186092453682854,0.8436139332554894,0.9776849662603302,0.9708404541020076,3.0,0.9842502327846522,0.8719919114089515,6975.0,56650.0,1293.0,618.0
ANFC_002796.png,0.8348569393425824,0.7165274098515868,0.8215913074165684,0.8485579824003188,0.977973568282325,0.9575500488287728,4.123105625617661,0.9069029102562272,0.736083517484073,7032.0,55722.0,1255.0,1527.0
ANFC_002797.png,0.8582040922808416,0.7516265266805585,0.9249894648230104,0.800413273392438,0.971891743842171,0.9667968750005067,4.0,0.9707707601651816,0.7914004162884262,6585.0,56775.0,1642.0,534.0
ANFC_002798.png,0.8214567766343809,0.6970103093095866,0.8951410035886216,0.758980691540303,0.9629719055591643,0.9551544189459968,8.0,0.8764428608118338,0.7478404507380283,6761.0,55836.0,2147.0,792.0
ANFC_002799.png,0.8610965142838153,0.7560750538546012,0.8308732394556763,0.8936015511520115,0.9845043327864933,0.9636993408208665,3.1622776601683795,0.9803981362747899,0.7422502641627458,7374.0,55783.0,878.0,1501.0
ANFC_002800.png,0.8507010933442027,0.7401913361560581,0.8800000000153355,0.8232902917475741,0.974389631093303,0.9631195068365004,4.47213595499958,0.9506585592631831,0.7028155546099886,6886.0,56233.0,1478.0,939.0
ANFC_002801.png,0.7921467860524292,0.6558303417327596,0.8843567906871935,0.7173502036273015,0.928522829666087,0.921005249024643,7.0710678118654755,0.9301103679619434,0.5633481982514411,9865.0,50494.0,3887.0,1290.0
ANFC_002802.png,0.8432264143278347,0.7289468092833099,0.8766609880854633,0.8122484413375228,0.9557773812187564,0.9416046142587037,5.385164807134504,0.9374108822872986,0.6481937710794958,10292.0,51417.0,2379.0,1448.0
ANFC_002803.png,0.7796043766625557,0.6388128257540135,0.9077444458506659,0.6831664462796934,0.9417394778449906,0.9376068115243896,8.06225774829855,0.9200510722810556,0.5597283033257769,7232.0,54215.0,3354.0,735.0
ANFC_002804.png,0.8091553044339698,0.6794801265520919,0.9160949378902192,0.7245728532870446,0.9313972602752256,0.9288787841807729,7.0,0.9410778697386591,0.570817541046761,9881.0,50994.0,3756.0,905.0
ANFC_002805.png,0.8100768573949583,0.6807808239069341,0.8829935772239604,0.7482842944112736,0.9417626339141539,0.9321289062510357,6.4031242374328485,0.9137809793606841,0.5623321555792063,9486.0,51602.0,3191.0,1257.0
ANFC_002806.png,0.8115367007573357,0.6828454032115352,0.8991208295875653,0.7395012515305923,0.9504094310329237,0.9434661865243003,13.107062506576106,0.8820997074644369,0.6365051086940328,7977.0,53854.0,2810.0,895.0
ANFC_002807.png,0.794361042966093,0.6588714128270646,0.9206670522536469,0.6985299495576296,0.9252746455907096,0.9245452880870889,7.0,0.9077060058514295,0.5580040070499461,9551.0,51040.0,4122.0,823.0
ANFC_002808.png,0.8388144539245305,0.7223776223970365,0.8417535854105481,0.8358957760288157,0.9619255031548152,0.9394226074227995,7.0,0.9207475587160395,0.6534762265388829,10330.0,51236.0,2028.0,1942.0
ANFC_002809.png,0.7482862297204879,0.5978093774406409,0.9480420539466643,0.6180590047066595,0.93480067149484,0.9361267089853498,20.0,0.8344394220174811,0.5321580234827479,6222.0,55128.0,3845.0,341.0
ANFC_002810.png,0.7101637218584728,0.5505843911586548,0.8520031116584981,0.6088104503045011,0.9533894095447663,0.9454345703133327,31.240998703626616,0.8205953924661264,0.5971927803379414,4381.0,57579.0,2815.0,761.0
ANFC_002811.png,0.6630618452464463,0.49595551068049093,0.763424124559645,0.5860215054381688,0.9541029207239866,0.9391479492196786,63.50590523722971,0.7184315073607713,0.47109417491031996,3924.0,57624.0,2772.0,1216.0
ANFC_002812.png,0.6252991756382148,0.4548620067765202,0.8269636577193519,0.5027080958519515,0.9430562582634027,0.9355010986337968,69.20873184600464,0.6621514879382738,0.4988688922185969,3527.0,57782.0,3489.0,738.0
ANFC_002813.png,0.782565201873343,0.6427984505642917,0.780835591076453,0.7843024921534943,0.9742665276904078,0.9535675048835212,6.708203932499369,0.8712224002882979,0.592642787411269,5476.0,57017.0,1506.0,1537.0
ANFC_002814.png,0.797867614406431,0.6637102735018784,0.9163265306244422,0.706530291142348,0.9555013975057007,0.9514007568366791,6.300376041332927,0.9046503384127088,0.6547675043923815,6286.0,56065.0,2611.0,574.0
ANFC_002815.png,0.8201857756952595,0.6951821386962184,0.8438168592435007,0.7978422117602371,0.9743870140969776,0.9604187011724791,8.0,0.9287332067662681,0.6819394248751731,5916.0,57026.0,1499.0,1095.0
ANFC_002816.png,0.6854139878299651,0.5213915114807016,0.7892365134814939,0.605731225335402,0.930931814642266,0.9141387939466228,112.21853679316978,0.721060664833684,0.5321202374607573,6130.0,53779.0,3990.0,1637.0
ANFC_002817.png,0.8207552962959315,0.6960008331914184,0.8707491856845929,0.7761904762164703,0.9666960474245745,0.9554595947272423,8.0,0.9396089012465905,0.6644346466287604,6683.0,55934.0,1927.0,992.0
ANFC_002818.png,0.7816401468921885,0.6415511352580319,0.887314158692884,0.6984578366292838,0.9527417336609688,0.9455566406258309,18.58456058119593,0.8119501820134171,0.5921689791675028,6386.0,55582.0,2757.0,811.0
ANFC_002819.png,0.5658214658244337,0.39452651981175507,0.8962861073187659,0.4133993148821977,0.9253162307567678,0.9237060546886643,93.2148056909416,0.5614265657845523,0.26671435268506816,3258.0,57278.0,4623.0,377.0
ANFC_002820.png,0.3637668162576203,0.2223196669102566,0.8879159370508616,0.22873900310653303,0.9469049911490681,0.9458770751961385,150.0839764650633,0.35284756337635587,0.3029493615729293,1014.0,60975.0,3419.0,128.0
ANFC_002821.png,0.4667835574777355,0.304447268283495,0.8460451978488381,0.3223029326547477,0.9607142857148984,0.9582366943365749,150.19148827810594,0.47407587079021785,0.33043046009167204,1198.0,61601.0,2519.0,218.0
ANFC_002822.png,0.5845942229049872,0.41302235194047077,0.8141762452997241,0.4560085838369076,0.9680368175518844,0.9631347656255627,75.75783351374452,0.6030967719356825,0.5247912181093461,1700.0,61420.0,2028.0,388.0
ANFC_002823.png,0.8127436281999443,0.6845561308644329,0.8942593203737612,0.7448474856080177,0.9687762719849216,0.9618835449224568,5.830951894845301,0.9389787834504898,0.6546496418896592,5421.0,57617.0,1857.0,641.0
ANFC_002824.png,0.774237870350001,0.631637943164966,0.8853102906745267,0.687929192783774,0.9661670306404909,0.9598846435552997,8.54400374531753,0.9079709620751621,0.4583685751170876,4508.0,58399.0,2045.0,584.0
ANFC_002825.png,0.7573725746301921,0.6094928851485538,0.8482190324497316,0.6841033337245039,0.9492001654838792,0.9376068115243896,7.0,0.8867530075151031,0.6038134509886965,6382.0,55065.0,2947.0,1142.0
ANFC_002826.png,0.8408504581584512,0.7254029163890402,0.9375123983460598,0.7622580645544745,0.9756343499466793,0.9727020263676042,5.830951894845301,0.950876680385898,0.6546043167942255,4726.0,59021.0,1474.0,315.0
ANFC_002827.png,0.7914680834603119,0.6549004396618955,0.9578290469066133,0.6743442950773074,0.9594011419472945,0.959274291992809,5.830951894845301,0.8743323306096092,0.6487264445015681,5065.0,57802.0,2446.0,223.0
ANFC_002828.png,0.8155041268963017,0.6884820331071893,0.9300479882004341,0.726080691682121,0.968378854919186,0.9652099609380309,28.839129654046502,0.8273191005397756,0.6385032683755448,5039.0,58217.0,1901.0,379.0
ANFC_002829.png,0.7910579672580682,0.6543390384747279,0.8446763628461557,0.7438404380383418,0.9536521077685144,0.9386749267587483,5.0,0.9143378846734979,0.684785026375885,7608.0,53909.0,2620.0,1399.0
ANFC_002830.png,0.8222280748114978,0.6981216458410672,0.9466343238434133,0.7267225326308624,0.970935318292579,0.9691009521489091,6.708203932499369,0.9260895662777351,0.6524014529793524,4683.0,58828.0,1761.0,264.0
ANFC_002831.png,0.8528204019989323,0.743406179384149,0.8736531365500143,0.8329580636317255,0.9797995268974354,0.9688262939457882,5.0,0.9353525914749994,0.7349465613922843,5919.0,57574.0,1187.0,856.0
ANFC_002832.png,0.7834215167739488,0.6439547695500211,0.9306515818289018,0.6764123649038507,0.9650280598396224,0.962524414063072,16.0,0.8838827941981089,0.5286387815797575,4442.0,58638.0,2125.0,331.0
ANFC_002833.png,0.7500708255566848,0.6000906618676255,0.8495700167052278,0.6714343680592986,0.9439085635129637,0.9326934814463396,9.848857801796104,0.8457334920520555,0.6123606518950371,6619.0,54506.0,3239.0,1172.0
ANFC_002834.png,0.8236237306410454,0.7001363017264673,0.9258962547715008,0.7416974170156109,0.9734073303276447,0.9697875976567111,5.0,0.9696970131489258,0.5600588184932926,4623.0,58933.0,1610.0,370.0
ANFC_002835.png,0.7717782577941495,0.6283704573550721,0.7893961709428591,0.7549295775798454,0.991779398100887,0.985488891601784,9.949747468305834,0.8316826687243737,0.6996706108895127,1608.0,62977.0,522.0,429.0
ANFC_002836.png,0.6385705484117596,0.46904417098677686,0.8099406064989245,0.5270545159627634,0.962702728717091,0.9552459716803705,39.270917691687025,0.7161970964704927,0.4698740334980468,2591.0,60012.0,2325.0,608.0
ANFC_002838.png,0.8580123633040406,0.7513324450780592,0.8212270162349851,0.8982477100959284,0.9914894325734642,0.9772186279300352,4.47213595499958,0.9493077855229305,0.7610903708095172,4511.0,59532.0,511.0,982.0
ANFC_002839.png,0.7802423965743785,0.6396700413799513,0.7293715264089905,0.8387413963428016,0.9948098802159152,0.9853363037111613,12.041594578792296,0.8368480186131703,0.7024427551835895,1706.0,62869.0,328.0,633.0
ANFC_002840.png,0.8673095467823231,0.7657074749249604,0.8368068478160017,0.9001200960968535,0.9917057278682273,0.9790039062503205,4.0,0.9443091955532965,0.7710630344142142,4497.0,59663.0,499.0,877.0
ANFC_002841.png,0.7884122919672836,0.6507265522719349,0.7220756377243988,0.868170602795851,0.9939798792757508,0.9798278808596829,6.131121088305938,0.8063114851971978,0.7650638228328391,2463.0,61751.0,374.0,948.0
ANFC_002842.png,0.8384683882745382,0.7218644588402746,0.8039617487008327,0.8760699665515185,0.9946811909022061,0.9861602783205238,7.905124837953327,0.8909752891247843,0.8137800488480199,2354.0,62275.0,333.0,574.0
ANFC_002843.png,0.7737815126430619,0.6310307018555289,0.8244985673981022,0.7289423686735458,0.9863572612522894,0.9794616699221885,6.082762530298219,0.8752722860393447,0.7233260389612886,2302.0,61888.0,856.0,490.0
ANFC_002844.png,0.8872319688164118,0.7973197863013647,0.8386769854580176,0.9417546037718028,0.9897041073847024,0.9646911621099139,2.8284271247461903,0.9744573307006149,0.9262954354628148,9103.0,54119.0,563.0,1751.0
ANFC_002845.png,0.8628088833367026,0.7587193310860689,0.8429287373373758,0.8836494105735969,0.9841687734289222,0.9665374755864482,4.0,0.9261730188479755,0.8536266937241572,6896.0,56447.0,908.0,1285.0
ANFC_002846.png,0.8905135520733545,0.8026358084375895,0.8367962466624668,0.9516006097607088,0.9905223880598784,0.962524414063072,3.0,0.9857994316380007,0.8684148006015662,9988.0,53092.0,508.0,1948.0
ANFC_002847.png,0.8725757497879224,0.7739551013164853,0.8061020815696129,0.9509979816157212,0.9920567118060155,0.9622039794927644,3.0,0.9788841770065893,0.8732161523632938,8481.0,54578.0,437.0,2040.0
ANFC_002848.png,0.8645020065768332,0.7613417298854463,0.8523741007406656,0.8769800148220607,0.9858157238933224,0.9716644287113699,6.0,0.9294166265934223,0.8446713770978312,5924.0,57755.0,831.0,1026.0
ANFC_002849.png,0.9159376571183541,0.844912345807911,0.8887696360729076,0.9448190021839209,0.9903774847615103,0.9744873046878894,2.0,0.9889533648975873,0.9613836985811491,9109.0,54755.0,532.0,1140.0
ANFC_002850.png,0.8820008116942979,0.7889100644533161,0.8370727010267623,0.9320253028913879,0.9885042882270765,0.9645080566411667,3.0,0.9780826194283309,0.903213312845067,8693.0,54517.0,634.0,1692.0
ANFC_002851.png,0.8589194972011955,0.75272471583819,0.8034776082307383,0.9225797184828239,0.9906329289911606,0.9678039550786164,4.0,0.9692105161816499,0.8338551504253617,6423.0,57003.0,539.0,1571.0
ANFC_002852.png,0.9185170788631011,0.8493126067167479,0.9066666666756195,0.9306813706251791,0.9872257806973703,0.9744110107425781,2.23606797749979,0.9855601986892218,0.9256221026201308,9452.0,54407.0,704.0,973.0
ANFC_002853.png,0.8465711278563217,0.7339604099769815,0.7838080959844366,0.9202605175285583,0.992304556110619,0.9710845947270038,5.385164807134504,0.9289306383200288,0.6950980129787924,5228.0,58413.0,453.0,1442.0
ANFC_002854.png,0.8653670209117202,0.7626845304847185,0.8863898500740499,0.8453183005849968,0.9808020477818976,0.970809936523883,5.0,0.9386705946380017,0.8581193754025721,6148.0,57475.0,1125.0,788.0
ANFC_002855.png,0.8535897168091139,0.7445761167284273,0.9083629893442252,0.8050463237127841,0.9837975098298853,0.9786224365237638,5.385164807134504,0.9334404838031238,0.7953977025859896,4084.0,60051.0,989.0,412.0
ANFC_002856.png,0.8291571754116054,0.7081712062635316,0.9227649146657487,0.7527919481934658,0.9699256948293342,0.965667724609899,5.830951894845301,0.9056013453039478,0.791679957326807,5460.0,57826.0,1793.0,457.0
ANFC_002857.png,0.8495178728109947,0.7384016255099218,0.8284574468410986,0.871676993829367,0.9893482877623216,0.9764251708987973,5.0,0.9385549440967222,0.7443357366673824,4361.0,59630.0,642.0,903.0
ANFC_002858.png,0.825081529808399,0.7022457734415537,0.9021069692217006,0.7601748156569005,0.9704207795712964,0.9639892578130496,10.08691647263706,0.8849011269472289,0.7449229881165836,5566.0,57610.0,1756.0,604.0
ANFC_002859.png,0.8256633499261161,0.7030891438920486,0.7498117470115011,0.9185885608949967,0.9871430652682994,0.9486694335945334,6.4031242374328485,0.9225848462975753,0.7391878590068259,7966.0,54206.0,706.0,2658.0
ANFC_002860.png,0.8482535644326997,0.7364933272216757,0.865174613486304,0.8319817009948033,0.971289995914309,0.9563140869147292,5.0,0.9634864035930052,0.6834823590763874,8002.0,54671.0,1616.0,1247.0
ANFC_002861.png,0.8316500763037383,0.7118159204338538,0.8365736003747152,0.8267841664509125,0.9795723656192252,0.9646453857427271,4.0,0.9318469810092703,0.751958882073928,5723.0,57496.0,1199.0,1118.0
ANFC_002862.png,0.7712076542375698,0.6276143051491522,0.8320729804546786,0.718639850744491,0.9525565947040896,0.9372406005868953,20.114621791149247,0.8669108840600344,0.7084380086957912,6932.0,54491.0,2714.0,1399.0
ANFC_002863.png,0.881891389640621,0.7887349954027022,0.9122170012908781,0.8535171862656358,0.9739015879802411,0.9650878906255328,5.385164807134504,0.9621033800685898,0.8109237038143751,8542.0,54706.0,1466.0,822.0
ANFC_002864.png,0.865757633962886,0.7632915679237734,0.8497109826778448,0.8824220279417432,0.9843516620934324,0.9680023193364259,3.605551275463989,0.9390796329175776,0.8289401959145342,6762.0,56677.0,901.0,1196.0
ANFC_002865.png,0.8488734420033034,0.7374284227238492,0.885596399114079,0.8150747986403827,0.9720706315830917,0.9615173339849623,6.0,0.932189837736182,0.8445216165849753,7083.0,55931.0,1607.0,915.0
ANFC_002866.png,0.8503125723633762,0.7396032625375488,0.8892251816114739,0.8146628216709557,0.9708254766399395,0.9605407714849772,4.242640687119285,0.9390943101830891,0.7484315417801966,7345.0,55605.0,1671.0,915.0
ANFC_002867.png,0.8161077936138335,0.6893429902108972,0.8016243044365131,0.8311242788350033,0.9816088440575745,0.9633483886724343,7.0,0.9155159442883124,0.7871107606212011,5330.0,57804.0,1083.0,1319.0
ANFC_002868.png,0.8469817501272157,0.7345779221086992,0.8452301534562735,0.8487406216708547,0.9805482331458701,0.9650726318364705,5.656854249492381,0.9264818788783885,0.8194453579362976,6335.0,56912.0,1129.0,1160.0
ANFC_002869.png,0.8231868131965282,0.6995050892053876,0.8198533435679267,0.826547500846679,0.9721271653757668,0.9508972167976244,14.0,0.8975079488201708,0.7691831845321727,7491.0,54827.0,1572.0,1646.0
ANFC_002870.png,0.8203691496522438,0.6954456552535002,0.844587716348051,0.7975008010577538,0.9788068810573286,0.9667358398442577,4.0,0.9435950696082093,0.7989691619634297,4978.0,58378.0,1264.0,916.0
ANFC_002871.png,0.8573264781582695,0.7502812148762339,0.8576571943091608,0.856996016978415,0.9807302758015075,0.966125488281767,6.586172054472733,0.9372793806390511,0.8356450493150852,6670.0,56646.0,1113.0,1107.0
ANFC_002872.png,0.8185779463875236,0.6928751193532174,0.7474955528744972,0.9046000453314526,0.98465044207484,0.9459991455086366,14.0,0.8737709754415949,0.7686816554206273,7984.0,54013.0,842.0,2697.0
ANFC_002873.png,0.7967202468098132,0.6621238699686784,0.9071917175250154,0.7102330294239061,0.9667038102688192,0.9617919921880831,6.494648145952722,0.8775074742149217,0.7429909187783706,4907.0,58125.0,2002.0,502.0
ANFC_002874.png,0.8486665035570916,0.7371161407143645,0.7861514052826211,0.9219829877828305,0.9896494569052467,0.9622497558599511,4.47213595499958,0.9563003065934506,0.7960362897575916,6937.0,56125.0,587.0,1887.0
ANFC_002875.png,0.8370457209934432,0.719758064541811,0.7818815331227594,0.9005847953330369,0.9843758447318597,0.9533386230475871,5.656854249492381,0.9382693769922182,0.7451327730645628,7854.0,54624.0,867.0,2191.0
ANFC_002876.png,0.8263107108534649,0.704028500999722,0.8918590522666449,0.769737827749852,0.9742869092434248,0.967041015625503,6.8395121628746,0.9273835389397083,0.8179903979053065,5138.0,58238.0,1537.0,623.0
ANFC_002877.png,0.8338991903999805,0.7151175812189118,0.8196637145655675,0.8486378737742674,0.9802753485153646,0.9611816406255924,4.0,0.9383697073584036,0.8166450038343448,6386.0,56606.0,1139.0,1405.0
ANFC_002878.png,0.8290997062479638,0.7080873672069965,0.799400199955637,0.8610911701530162,0.9794633223076882,0.9547271728522534,8.0,0.9097141910418581,0.8076071166904956,7197.0,55372.0,1161.0,1806.0
ANFC_002879.png,0.8419188191998584,0.7269946469886573,0.8721712538421756,0.81369472185254,0.9778629059601013,0.9673156738286238,7.0,0.9288216425822551,0.8531517431931822,5704.0,57690.0,1306.0,836.0
ANFC_002880.png,0.8428942398581861,0.728450474372289,0.8303488372290292,0.8558245446002127,0.9788710130676748,0.959381103516245,5.0,0.9501188976806927,0.7730777291106098,7141.0,55733.0,1203.0,1459.0
ANFC_002881.png,0.8245044089488495,0.7014100395147874,0.7862923621919206,0.866620209077823,0.9833934892763345,0.9596099853521789,7.037670633143723,0.933560681528868,0.8307490878554638,6218.0,56671.0,957.0,1690.0
ANFC_002882.png,0.8436900070807472,0.7296399860424991,0.7977452947551595,0.8952503484619653,0.9822586210030642,0.9527893066413455,4.47213595499958,0.9521036607256737,0.801488298572687,8350.0,54092.0,977.0,2117.0
ANFC_002883.png,0.8720941356670722,0.7731976251444957,0.800632355559348,0.9575630252189994,0.9966245007770896,0.9795989990237489,3.605551275463989,0.9595213734718884,0.7696525194098149,4558.0,59641.0,202.0,1135.0
ANFC_002884.png,0.8713708195634536,0.7720612178814619,0.903410173384757,0.8415261757157895,0.9851875196976929,0.9786376953128261,3.516896552404847,0.9583863318033004,0.8460252159109362,4742.0,59394.0,893.0,507.0
ANFC_002885.png,0.8858584964238149,0.7951041170250988,0.8694594125031359,0.9028880866601285,0.9910007861768229,0.9803314208987377,3.0,0.989262467577712,0.8441930756150163,5002.0,59245.0,538.0,751.0
ANFC_002886.png,0.7361018973241276,0.5824060466531171,0.6681922197195963,0.8193767538296594,0.978631209267754,0.9393005371103013,30.0,0.8111844216651536,0.7042286184046802,5548.0,56010.0,1223.0,2755.0
ANFC_002887.png,0.8071090372739238,0.6765991716893006,0.7365981964257768,0.8925481863875325,0.9876980817349927,0.9571075439459671,9.219544457292887,0.9179078220213959,0.8147556945574582,5881.0,56844.0,708.0,2103.0
ANFC_002888.png,0.797735657053954,0.6635276690653341,0.7570014486049008,0.8431029846943933,0.9796164326140638,0.9514770507819905,26.948076824970745,0.9055995041466857,0.7841905505849914,6271.0,56085.0,1167.0,2013.0
ANFC_002889.png,0.7358595931602825,0.5821027389142872,0.658763033901048,0.8333935670702216,0.9842487400703126,0.9494781494148335,14.142135623730951,0.8398237901887061,0.7030097932258591,4612.0,57613.0,922.0,2389.0
ANFC_002890.png,0.8084593116911821,0.6784991227320153,0.7555989779414402,0.8692720041727007,0.9871609802491863,0.9636535644536797,5.0,0.9088831096873837,0.7820789082800716,5027.0,58127.0,756.0,1626.0
ANFC_002891.png,0.6383742639926487,0.4688324017014205,0.488407867323546,0.9212435233323848,0.9932665898822847,0.9231567382824226,29.068883707497267,0.7447467369327825,0.5695086149248756,4445.0,56055.0,380.0,4656.0
ANFC_002892.png,0.780379041266095,0.6398537477618368,0.723033790803743,0.8476042207494198,0.9850065521880051,0.9579162597662673,11.40175425099138,0.8970452552053232,0.724515387979616,4900.0,57878.0,881.0,1877.0
ANFC_002893.png,0.7855525720115015,0.6468395040625302,0.6972614263298195,0.8994453822161267,0.9847912905522769,0.937850952149386,32.694077859607994,0.8861757244893541,0.6461070822318157,7460.0,54003.0,834.0,3239.0
ANFC_002894.png,0.8664525011626374,0.7643724696833253,0.8619036749915764,0.8710495963388581,0.9908592919631942,0.9822387695315211,5.770017718971755,0.9410054687394787,0.7067176239771902,3776.0,60596.0,559.0,605.0
ANFC_002895.png,0.7676549865646622,0.6229221348431256,0.663972645426182,0.9097103918612818,0.9965981482373498,0.9802703857424887,113.21660655575224,0.857714937462457,0.6352718747696295,2136.0,62107.0,212.0,1081.0
ANFC_002896.png,0.7923886869166444,0.6561620269271066,0.698667776877713,0.9151488712056769,0.9854650076601004,0.9329071044932113,9.848857801796104,0.8812290236249314,0.6944220796099567,8391.0,52748.0,778.0,3619.0
ANFC_002897.png,0.8365117203181852,0.7189687553834782,0.7580558056241123,0.9330822069725057,0.9949650722729704,0.9748840332035084,5.385164807134504,0.9440028916734106,0.7620885768556045,4211.0,59679.0,302.0,1344.0
ANFC_002898.png,0.8868940754293325,0.7967741936303331,0.8323504634236099,0.9490874159706594,0.9983217757512695,0.9923095703126175,3.6252737116907716,0.9493966401760525,0.8708571854210561,1976.0,63056.0,106.0,398.0
ANFC_002899.png,0.7184268338574491,0.5605819884973173,0.6153846154199206,0.8629167203162676,0.9805094981885636,0.9198150634777861,25.30908736789554,0.8065614531760863,0.6305309973922599,6704.0,53577.0,1065.0,4190.0
ANFC_002900.png,0.854318546910377,0.7456859362067113,0.8675031367961096,0.841528724478693,0.9894234049814069,0.9820098876955872,7.2145529178456025,0.920821306390728,0.7262728825459777,3457.0,60900.0,651.0,528.0
ANFC_002901.png,0.8768870933708511,0.7807648618777868,0.9004366812661848,0.8545379196624376,0.9944502419126198,0.9911651611329474,4.0,0.9534541969528099,0.8421758096907789,2062.0,62895.0,351.0,228.0
ANFC_002902.png,0.7868362005019107,0.648581997678347,0.679879362481741,0.9337278106901019,0.9982282686071624,0.9869537353517617,4.47213595499958,0.9367113983118832,0.7164384833631874,1578.0,63103.0,112.0,743.0
ANFC_002903.png,0.7683587974942437,0.6238495399664469,0.7151376148095699,0.8301384452448677,0.9949649599091647,0.9856567382814689,4.123105625617661,0.9568217161036611,0.7339692135701326,1559.0,63037.0,319.0,621.0
ANFC_002904.png,0.7685992817422783,0.6241666668232639,0.6672605792128016,0.9062310950355529,0.9975509946122268,0.9862365722658352,4.47213595499958,0.9313114335103082,0.6808108774492463,1498.0,63136.0,155.0,747.0
ANFC_002905.png,0.8435911914614367,0.729492187632084,0.8892857143516156,0.8023630505894935,0.9942370333250714,0.9915466308595041,6.13112108830591,0.9180136004691851,0.8482428798912899,1494.0,63488.0,368.0,186.0
ANFC_002906.png,0.90202878447182,0.8215413771602114,0.8734049697996298,0.9325923270110089,0.9936891574354869,0.9827575683596382,3.605551275463989,0.9971259338693639,0.7845099268932837,5202.0,59204.0,376.0,754.0
ANFC_002907.png,0.8027474122276533,0.6704912734856996,0.9474765928414075,0.6963746224074564,0.9704203934141566,0.9688873291020373,7.810249675906654,0.9569225750632951,0.5664799356226586,4149.0,59348.0,1809.0,230.0
ANFC_002908.png,0.8523386821566798,0.7426744013472149,0.9139666849873757,0.7984967216058697,0.979025518952291,0.9736022949222779,80.98085951409286,0.8901228304295448,0.6635824036725928,4993.0,58813.0,1260.0,470.0
ANFC_002909.png,0.7175951461925358,0.5595698925362623,0.9494040379592789,0.5767696173227768,0.9533740333747924,0.9531250000007153,28.468358892921735,0.8457352647169852,0.5833808256377913,3903.0,58561.0,2864.0,208.0
ANFC_002910.png,0.887806516636899,0.7982482633950093,0.9132688320813288,0.8637254902183455,0.986041373770067,0.9796142578128112,4.0,0.9814809788852243,0.782742221124037,5286.0,58914.0,834.0,502.0
ANFC_002911.png,0.765568833210379,0.6201794428427232,0.9294644963601167,0.6508093822843063,0.965512178410599,0.9631805419927494,26.570660511172846,0.8314601857823379,0.7237005173434502,3940.0,59183.0,2114.0,299.0
ANFC_002912.png,0.7595529376408735,0.6123219286969047,0.6746713174571142,0.8688666206169892,0.9869322681728085,0.9514160156257414,53.20375193294253,0.8013185620997988,0.7144981876967972,5029.0,57323.0,759.0,2425.0
ANFC_002913.png,0.8923692102811781,0.8056558364002239,0.8387096774698686,0.9533641865598561,0.9978987215886643,0.9901428222657755,3.1622776601683795,0.9770349868157073,0.8508600103816083,2678.0,62212.0,131.0,515.0
ANFC_002914.png,0.8443872075719696,0.7306835067365001,0.8438438438773392,0.8449312715109683,0.9881394355556044,0.9778747558597127,3.0,0.9669389028741651,0.8995622380594279,3934.0,60152.0,722.0,728.0
ANFC_002915.png,0.8916289213310159,0.8044498259717799,0.8859809968518119,0.8973493162422169,0.9897878630097287,0.980285644531551,5.0990195135927845,0.9197808376529776,0.8840900019280744,5315.0,58929.0,608.0,684.0
ANFC_002916.png,0.8547881984745693,0.7464018423297635,0.7817304794146125,0.9429090909298512,0.9974766550411052,0.9865570068361428,5.0,0.9640756668241603,0.8300747176329001,2593.0,62062.0,157.0,724.0
ANFC_002917.png,0.7936912225907434,0.6579503005265631,0.8077766700283595,0.7800885808241693,0.9811305166804724,0.9678649902348655,18.24828759089466,0.8758727941844819,0.8225315970872893,4051.0,59379.0,1142.0,964.0
ANFC_002918.png,0.8020428386460826,0.6695087809023277,0.8219028277109979,0.7831199762156713,0.9753614610640845,0.9603729248052922,15.0,0.8513627919080049,0.7364150972003607,5261.0,57678.0,1457.0,1140.0
ANFC_002919.png,0.8692037096467535,0.7686651584364634,0.8609439341587127,0.8776235066588235,0.9939242373235556,0.9875183105470655,4.123105625617661,0.997937640290843,0.7758116614992294,2718.0,62000.0,379.0,439.0
ANFC_002920.png,0.783004258635017,0.6433911245994287,0.7655185466000154,0.8013074485338139,0.9833532496849341,0.9657897949223971,11.492806589536084,0.8714610434385176,0.7831178892148184,4045.0,59249.0,1003.0,1239.0
ANFC_002921.png,0.7787500000230468,0.6376663255479927,0.6754607879155292,0.9193310378949013,0.9945335155495728,0.9675903320317446,13.341664064126334,0.8926824303170626,0.6457319639618629,3738.0,59674.0,328.0,1796.0
ANFC_002922.png,0.8604498224568657,0.7550784857444416,0.821859296527171,0.9028429478601041,0.9942816297356183,0.9838104248049346,5.0,0.9457346975521437,0.7991211865623017,3271.0,61204.0,352.0,709.0
ANFC_002923.png,0.8407059875066235,0.7251878975283892,0.7979219678121454,0.8883380547950098,0.9922229529761226,0.9782409667972072,5.656854249492381,0.8903310538492195,0.7601281167683519,3763.0,60347.0,473.0,953.0
ANFC_002924.png,0.8168921868379646,0.6904630142611209,0.7406015038107238,0.910705596128782,0.993932078965743,0.9743957519535158,6.0,0.9394846858129215,0.7157015083348818,3743.0,60115.0,367.0,1311.0
ANFC_002925.png,0.8815335463410181,0.7881627057156848,0.8330917874799294,0.9359565807500796,0.996156101374745,0.9858551025392784,3.0,0.9694483160737156,0.8713909721040575,3449.0,61160.0,236.0,691.0
ANFC_002926.png,0.8477751756677947,0.7357723577951837,0.8775048481326746,0.8199939595832093,0.9904551423722742,0.9851226806642897,5.385164807134504,0.9099596308446694,0.8603466294480641,2715.0,61846.0,596.0,379.0
ANFC_002927.png,0.8295904887939775,0.7088036118038817,0.8055413032823137,0.8551198257475164,0.991368960706198,0.9803161621096754,4.0,0.9626924601617239,0.6894369125221447,3140.0,61106.0,532.0,758.0
ANFC_002928.png,0.8333333333562523,0.7142857143530679,0.7851775071818664,0.88778200999479,0.9937902297453866,0.9815063476565323,5.385164807134504,0.9384366110861752,0.7827912539493684,3030.0,61294.0,383.0,829.0
ANFC_002929.png,0.828800388558912,0.707650839786927,0.8076194983891103,0.8511221945508424,0.9902625999022955,0.9784851074222034,14.621389572312474,0.899641692900749,0.7977717706710771,3413.0,60713.0,597.0,813.0
ANFC_002930.png,0.8732786201316903,0.7750617284506021,0.8034297415399463,0.9564290067165054,0.9976796637946798,0.9860992431642747,3.605551275463989,0.9602022323653179,0.8916677451529039,3139.0,61486.0,143.0,768.0
ANFC_002931.png,0.6890103567766096,0.5255650648396828,0.7330884604428869,0.649932157489842,0.9792834315633897,0.9670104980473785,18.439088914585774,0.7867573544675437,0.6252120976637712,2395.0,60979.0,1290.0,872.0
ANFC_002932.png,0.7693018955421519,0.6250939144205307,0.7074829932594636,0.842958460019514,0.9898079957918561,0.9695434570317149,5.830951894845301,0.9169204882257502,0.616746844680729,3328.0,60212.0,620.0,1376.0
ANFC_002933.png,0.7692814766238979,0.6250669523968814,0.7211122554642404,0.824346597639664,0.9877062012823172,0.967956542969239,80.97159792532837,0.8773918990852759,0.6615470517184888,3501.0,59935.0,746.0,1354.0
ANFC_002934.png,0.7682781097481501,0.6237431646456617,0.7210440457338817,0.822134387393133,0.9873829001189572,0.9674530029301842,66.09841147864296,0.883073496251574,0.6413055370934383,3536.0,59867.0,765.0,1368.0
ANFC_002935.png,0.7991430102036499,0.6654772525277703,0.7651282051884286,0.8363228700010306,0.9905250178468666,0.9771118164065994,5.0,0.9458577082571908,0.6491329474940006,2984.0,61052.0,584.0,916.0
ANFC_002936.png,0.7799451878300866,0.6392706131554875,0.7505429724246753,0.8117449664745394,0.9810120155697917,0.9583435058600107,7.761630533395968,0.888348955881891,0.6363942790069406,4838.0,57968.0,1122.0,1608.0
ANFC_002937.png,0.7763304801059672,0.6344282238887557,0.6929311719780852,0.8825520392820186,0.9880365454234091,0.9541473388678873,6.0,0.9121594057867809,0.5555502186633052,5215.0,57316.0,694.0,2311.0
ANFC_002938.png,0.8436046940849063,0.72951238195947,0.7996362110256561,0.8926897844591237,0.9882340851874799,0.967666625977056,5.0,0.9592696674226908,0.7330523706170863,5715.0,57702.0,687.0,1432.0
ANFC_002939.png,0.8132629755207322,0.6852933369146147,0.7638703950637861,0.8694846749967187,0.9868145703253515,0.9638214111333646,5.839404300103028,0.9225262095420708,0.7014525874525354,5163.0,58002.0,775.0,1596.0
ANFC_002940.png,0.6143658604235845,0.44338245062479986,0.49313450472565556,0.8146341463866745,0.9870666916259029,0.9360198974619138,57.02784720025647,0.6427635226166529,0.4226300217768879,3340.0,58003.0,760.0,3433.0
ANFC_002941.png,0.6514926953576654,0.4831213692128872,0.5677121772015291,0.764282165980059,0.9842138532173762,0.9497680664070166,63.89053137985315,0.649801810058001,0.48513371086550444,3077.0,59167.0,949.0,2343.0
ANFC_002942.png,0.6187128177805611,0.4479248238922592,0.5100766899393477,0.7861462342533958,0.9870179712662147,0.9462127685555083,70.16551194770237,0.6578260177301912,0.4001458747513668,2860.0,59151.0,778.0,2747.0
ANFC_002943.png,0.6553610503596498,0.4873881204926243,0.5748560461332604,0.762086514045359,0.9810741515420506,0.9423217773446302,62.24146527838174,0.6660381240909825,0.4206951480447545,3594.0,58162.0,1122.0,2658.0
ANFC_002944.png,0.8170744404146721,0.6907234642332822,0.7594348752159018,0.8841820640188863,0.9914856963012227,0.9731903076175967,4.123105625617661,0.951413658310362,0.6939719619674526,3924.0,59855.0,514.0,1243.0
ANFC_002945.png,0.7962817491756635,0.6615183816268178,0.7942021416050661,0.7983722762409105,0.9875540862464947,0.9762573242191124,10.251285619838924,0.8823843708209544,0.7515830641441438,3041.0,60939.0,768.0,788.0
ANFC_002946.png,0.8363442009795463,0.7187212934560496,0.8208140999117048,0.8524733057632439,0.9888596346883518,0.9766387939456691,4.242640687119285,0.9130456912825631,0.8125339518827459,3912.0,60093.0,677.0,854.0
ANFC_002947.png,0.7773630586323653,0.6358085809181834,0.7512185611715307,0.8053929766293074,0.9845878788884634,0.9663238525395764,6.127113950140131,0.8736835533167429,0.6593624398517536,3853.0,59476.0,931.0,1276.0
ANFC_002948.png,0.8412243999206549,0.7259597111624896,0.8166755745786557,0.8672948121390288,0.9791922536092417,0.9559936523444216,5.830951894845301,0.947035438280896,0.6834170260429301,7640.0,55012.0,1169.0,1715.0
ANFC_002949.png,0.8558085230666131,0.7479591836968498,0.8378883924100708,0.8745119305992938,0.9793071378752829,0.9585418701178202,5.0,0.9469056298786711,0.7081498989576186,8063.0,54756.0,1157.0,1560.0
ANFC_002950.png,0.8504869363829213,0.7398671344524993,0.8349056603912647,0.8666608376439048,0.97158243887948,0.9468231201179991,7.211102550927978,0.954708561414136,0.606738335702904,9912.0,52139.0,1525.0,1960.0
ANFC_002951.png,0.8909252547431494,0.8033049698109131,0.8826558265741659,0.899351097625383,0.9874647499830204,0.975662231445684,4.242640687119285,0.9512830633449232,0.7031012634652216,6514.0,57427.0,729.0,866.0
ANFC_002952.png,0.9036387171074616,0.8242161878756111,0.9019523399509113,0.9053314121173874,0.9887826532356363,0.9795532226565621,3.605551275463989,0.9961384935726206,0.7791602387168275,6283.0,57913.0,657.0,683.0
ANFC_002953.png,0.7353313634817319,0.5814419226565549,0.8789101917662596,0.6320754717871128,0.9756885059863547,0.9712982177738756,158.89304326352055,0.7741930712919768,0.5147829960710778,2613.0,61042.0,1521.0,360.0
ANFC_002954.png,0.8458040512736004,0.7328080229609157,0.8299529450219125,0.8622724207919298,0.9862395364898819,0.9715423583988718,13.178488797889798,0.9269262998333524,0.6361276212778297,5115.0,58556.0,817.0,1048.0
ANFC_002955.png,0.8000598623465939,0.6667498130040534,0.7763578275409939,0.8252547082972354,0.9908846407809111,0.9796142578128112,4.47213595499958,0.9099784018387226,0.782216857031602,2673.0,61527.0,566.0,770.0
ANFC_002956.png,0.7940749346799194,0.6584778420861084,0.7143977006233609,0.8937561294888016,0.9947333452171525,0.9783630371097053,8.181827525207426,0.8993130039879623,0.8075618115851773,2734.0,61384.0,325.0,1093.0
ANFC_002957.png,0.7810993250060477,0.6408227848913148,0.6901168452555703,0.8997143764202747,0.9948557661002335,0.9757537841800575,10.0792156108742,0.8999248745137947,0.7349252264014061,2835.0,61112.0,316.0,1273.0
ANFC_002958.png,0.7981623277491329,0.6641182467726507,0.7673733805160856,0.8315252074564374,0.991503057611981,0.979888916015932,4.0,0.9021370198597123,0.8004827169860903,2606.0,61612.0,528.0,790.0
ANFC_002959.png,0.8273412271445273,0.7055259776564116,0.7383285303096391,0.9407588739435107,0.9959887951468401,0.9755249023441236,4.604101966249685,0.9216448338099306,0.7541245601749429,3843.0,60089.0,242.0,1362.0
ANFC_002960.png,0.8219605958887601,0.697736080012699,0.7306706536243761,0.9393190554806922,0.9963683570513628,0.9773864746097202,9.0,0.9002687200701083,0.7928356199922338,3421.0,60633.0,221.0,1261.0
ANFC_002961.png,0.789988081073899,0.6528762806042402,0.7016726657417588,0.9037360240240698,0.9941953200796837,0.9731140136722853,7.280109889280518,0.9040330295072821,0.7211111487024566,3314.0,60460.0,353.0,1409.0
ANFC_002962.png,0.8113428638608692,0.6825709779805655,0.7154370738343795,0.9369418132782296,0.9961612600293892,0.9754333496097499,5.370857542457366,0.9368752170834156,0.76694361595565,3462.0,60464.0,233.0,1377.0
ANFC_002963.png,0.8049669628839181,0.6735938990136141,0.7262076054005739,0.9028878098893719,0.9937367111141445,0.9738769531253987,6.191569285815518,0.9178738939351652,0.7108791778388438,3533.0,60291.0,380.0,1332.0
ANFC_002964.png,0.8057663126194023,0.6747141042620257,0.7260711030706309,0.9051136363905927,0.9945378426114585,0.9765625000003577,8.964773163918439,0.9438785932823113,0.7741802688849572,3186.0,60814.0,334.0,1202.0
ANFC_002965.png,0.8716554931526451,0.7725082967805901,0.8707614335862481,0.8725513905837302,0.9815891980649166,0.9675750732426823,3.1622776601683795,0.9699071815697354,0.8426913670441144,7216.0,56195.0,1054.0,1071.0
ANFC_002966.png,0.8376508883875186,0.7206534422729692,0.785550750472456,0.8971528181439348,0.9877241044493581,0.9634704589849326,4.0,0.9486594541105049,0.7603908356214696,6176.0,56966.0,708.0,1686.0
ANFC_002967.png,0.8501879155912004,0.7394146636086277,0.8510244241404069,0.8493530499249823,0.9770813926924604,0.9604644775396659,4.0,0.9694523033196812,0.7626526922235177,7352.0,55593.0,1304.0,1287.0
ANFC_002968.png,0.8722095020125781,0.7733790128443879,0.8772308578184757,0.8672453045151899,0.9840752372502206,0.9727478027347909,3.0,0.9853622387256971,0.8966580118533665,6095.0,57655.0,933.0,853.0
ANFC_002969.png,0.8630969951081471,0.7591650223533944,0.838206627698864,0.8895108298990617,0.9840183050253627,0.9646148681646025,4.0,0.9743949470256815,0.7904708641937056,7310.0,55907.0,908.0,1411.0
ANFC_002970.png,0.8491716368555884,0.7378786134126594,0.7701646832828267,0.9462413232984431,0.9936382543650727,0.96527099609428,4.0,0.9660532474276884,0.7778390105195028,6407.0,56853.0,364.0,1912.0
ANFC_002971.png,0.8118578406919559,0.683300255264162,0.7545397621307014,0.8786000729571272,0.9946584966796918,0.9829559326174477,3.1622776601683795,0.9205174663487228,0.8164569627353055,2410.0,62009.0,333.0,784.0
ANFC_002972.png,0.8416844350102121,0.7266451911060078,0.8211128446068056,0.8633132860233388,0.9960699856948098,0.9909362792970134,3.0,0.985324443483428,0.9168270987074557,1579.0,63363.0,250.0,344.0
ANFC_002973.png,0.7347804391382996,0.5807533031373739,0.6732967535810132,0.8086216364897554,0.9754525604005168,0.9351196289072401,11.704699910719626,0.8631208585503065,0.6947238672624347,5890.0,55394.0,1394.0,2858.0
ANFC_002974.png,0.8835173201592087,0.7913399250626185,0.8548802947127513,0.9141394250042775,0.9965298228300007,0.9906616210938926,2.23606797749979,0.9843476076875212,0.9450085508890642,2321.0,62603.0,218.0,394.0
ANFC_002975.png,0.8936585366199484,0.8077601412064902,0.9469331495886056,0.8460591133952838,0.9960989311071842,0.9950103759766388,2.0,0.9855395341398501,0.9765245264326764,1374.0,63835.0,250.0,77.0
ANFC_002976.png,0.7556046526898691,0.6072062663595608,0.6791262703330071,0.8514938488793946,0.9822027204917559,0.9426116943368132,13.0,0.8922507498900584,0.6960740426821419,5814.0,55961.0,1014.0,2747.0
ANFC_002977.png,0.8026743075830612,0.6703892789820073,0.7913370998902685,0.8143410853432786,0.9923824366662047,0.9842376708986781,4.0,0.9289272741945198,0.8279606708130048,2101.0,62402.0,479.0,554.0
ANFC_002978.png,0.8790066416751352,0.7841318908891645,0.8717067583781748,0.886429819518678,0.9969430945289709,0.9936065673829102,2.8284271247461903,0.9956516695553447,0.9403226869550032,1522.0,63595.0,195.0,224.0
ANFC_002979.png,0.7598602096987929,0.6127214171038897,0.6340492501727413,0.9479584775158535,0.9931304125407766,0.9339447021494456,20.750714871105824,0.8682448020929189,0.6602835933020963,6849.0,54358.0,376.0,3953.0
ANFC_002980.png,0.8013538560802098,0.6685491461833704,0.8713634770529826,0.7417574220690917,0.9360357697151719,0.924774169923023,14.016050981428183,0.8961198233249926,0.7271476026046167,9944.0,50662.0,3462.0,1468.0
ANFC_002981.png,0.8958815363326581,0.8113998323779907,0.9192782526225373,0.8736462094025726,0.983151379695983,0.9759674072269293,21.8642802176653,0.9281436829581793,0.8323856565103088,6776.0,57185.0,980.0,595.0
ANFC_002982.png,0.8064360559513158,0.6756538348754295,0.9034381139584049,0.728244516610322,0.9380013006731339,0.9326324462900906,18.024980739587942,0.8759323273377883,0.7812660924835252,9197.0,51924.0,3432.0,983.0
ANFC_002983.png,0.9287709497256444,0.8670143416079512,0.9393982200961438,0.9183814390390304,0.9898900046189526,0.9844360351564876,3.0,0.9822059035388911,0.8926787884981359,6650.0,57866.0,591.0,429.0
ANFC_002984.png,0.8400399324281969,0.7241972856852568,0.8343375791446619,0.8458207685884311,0.961964711493334,0.9364318847665951,7.615773105863909,0.9292307402939718,0.7591551892406536,10939.0,50431.0,1994.0,2172.0
ANFC_002985.png,0.8955327414056928,0.8108277854778511,0.9509428403136502,0.8462244363075218,0.9800333628382237,0.9770202636722257,20.190186153733162,0.932885406246566,0.8299804175206537,6455.0,57575.0,1173.0,333.0
ANFC_002986.png,0.8888743284046079,0.7999764123363632,0.9354571783291329,0.8467107727066895,0.978931114352253,0.974121093750395,4.47213595499958,0.9487427014360651,0.9018473852331474,6783.0,57057.0,1228.0,468.0
ANFC_002987.png,0.9081716637380163,0.83178979111958,0.902547324163929,0.9138665404841773,0.9940578219633012,0.9880828857423695,3.605551275463989,0.9702666032623025,0.8237515643446879,3862.0,60893.0,364.0,417.0
ANFC_002988.png,0.8544366899392799,0.7458659704366987,0.9269875608535711,0.7924179380729984,0.9691090471281543,0.964355468750544,4.47213595499958,0.945086205348729,0.8037777260099942,6856.0,56344.0,1796.0,540.0
ANFC_002989.png,0.8615873736957435,0.756832236234424,0.9137764932770287,0.8150375940246964,0.9859735435946505,0.9813995361330964,13.592217376548618,0.9238933049542399,0.7778079249110457,3794.0,60523.0,861.0,358.0
ANFC_002990.png,0.8465532909355736,0.733933595978173,0.9227394934310543,0.7819882480175095,0.9689066000792059,0.9639282226568006,3.605551275463989,0.9668911184387277,0.8174765965672828,6521.0,56651.0,1818.0,546.0
ANFC_002991.png,0.809138110092509,0.679455877279481,0.7562111801715428,0.8700312639861475,0.990361685214786,0.9719543457035531,15.932295483413613,0.85333284178444,0.7335043583513231,3896.0,59802.0,582.0,1256.0
