experiment,display_name,model_type,n_images,dice,iou,sensitivity,precision,specificity,accuracy,hd95,cldice,boundary_f1,mean_pred_to_gt_area_ratio,mean_fn_fraction_of_gt,mean_fp_fraction_of_gt
TransUNet_scratch_seed42,Scratch baseline,transunet,436,0.7521792516888336,0.6139756932294407,0.7837753859553412,0.7428137339204179,0.9669700024715371,0.9482139447421356,24.110321069333388,0.8403029397327074,0.6404748573778468,1.0961817303595633,0.21622461408610966,0.312406344445673
Ours_green_MSE_scratch_seed42,Green MSE,ours,436,0.7571448210771988,0.6192575290512374,0.7960405084549508,0.7398433327005881,0.9661305739914408,0.9484907377758363,23.280306935228925,0.8450915738896925,0.6477450169882066,1.1201662503715215,0.20395949158339824,0.3241257419549197
F3_directional_multiscale_scratch_seed42,F3 directional,prior_fusion,436,0.7536248816860781,0.615641061229174,0.8012959527783666,0.7289684560546583,0.9642463708722997,0.9475551220263164,23.69639143825876,0.842902020030256,0.638359266108887,1.1434635580518462,0.1987040472597999,0.342167605311646
F0_pretrained_seed42,Pretrained F0,transunet,436,0.7571249958168275,0.6198889953913005,0.8098824241914393,0.7293166178421356,0.9627908534231265,0.9474932469367244,21.719295841973718,0.8468188459118776,0.6346184149259251,1.1556071298204995,0.19011757584551803,0.3457247056660174
K2_dual_teacher_KD_seed42,K2 soft KD,transunet,436,0.7608548960214367,0.6248338589609743,0.8041405803527188,0.738782733947643,0.965639088446827,0.9493961509222351,21.351767078727597,0.8537139333752405,0.6451204452795432,1.1254220625523008,0.19585941968601572,0.3212814822383165
S0_structure_control_seed42,S0 control,cgma,436,0.7512888316011127,0.6125215869949286,0.7817413806863033,0.7424811709549459,0.9674297787959236,0.9480094909675904,24.578473574464105,0.8404883736265915,0.6425975272423022,1.0933839222593091,0.21825861935490323,0.3116425416142125
S2_boundary_centerline_seed42,S2 structure,cgma,436,0.752263147205173,0.6138345553469232,0.7919574438869447,0.7362661861455333,0.9650718337697527,0.9474009942578985,23.4522619184249,0.8440151367004252,0.6433433902288456,1.1237745939949542,0.2080425561530913,0.3318171501480455
DecoderDistillV2_seed42,Decoder KD V2,ours,436,0.7542553095884691,0.6162179244291965,0.8121798911497871,0.7220105351930216,0.9618978269309668,0.9464710480584431,23.44079277405924,0.8438059695701814,0.629009378662656,1.1739728012344313,0.18782010888578393,0.36179291012021536
F0_F3_probability_ensemble,F0+F3 ensemble,ensemble,436,0.7635566096090559,0.6279658641505861,0.8052886761969092,0.7431622627374633,0.9663990951190623,0.9501018699163649,20.977056452280443,0.8541678153277207,0.6482638098377456,1.1191402910277537,0.19471132384084777,0.3138516148686014
