experiment,display_name,patient_id,n_images,dice,iou,sensitivity,precision,specificity,accuracy,hd95,cldice,boundary_f1
DecoderDistillV2_seed42,Decoder KD V2,8_140724,27,0.7856706511288956,0.6558597337501362,0.8263931786224814,0.7568730964991693,0.96260301184933,0.9465320728451447,24.462347571043072,0.8752268121372105,0.6542193650500074
DecoderDistillV2_seed42,Decoder KD V2,8_1621490,18,0.7386606599209045,0.5947739047329209,0.7961080898956919,0.7004672434585635,0.9656592836988706,0.9504114786791423,34.310614298025605,0.8307546012899837,0.6031074332379386
DecoderDistillV2_seed42,Decoder KD V2,8_55896,29,0.697617840278944,0.54766626723132,0.7658274495431077,0.6653479854225778,0.9606111927860838,0.9423170418583695,36.780829325786975,0.7791647803329875,0.5723552211472189
DecoderDistillV2_seed42,Decoder KD V2,8_56826,41,0.754333099221975,0.6205133105178324,0.8299943933242973,0.7070410355211699,0.9345966374821715,0.9192564429318725,25.31247145986715,0.8557044336772643,0.6391643396213216
DecoderDistillV2_seed42,Decoder KD V2,8_58452,37,0.7017863042615847,0.5567442298745275,0.7935313044356933,0.647440016933884,0.9507626272610008,0.9339743949281614,28.391303364730053,0.7961221361718187,0.6079069762185108
DecoderDistillV2_seed42,Decoder KD V2,8_58646,40,0.7430844364111837,0.5979900683962311,0.8070439036540741,0.6991051492299196,0.9442938307503781,0.9247341156017346,28.99977338510434,0.8275359825793565,0.6124017036269789
DecoderDistillV2_seed42,Decoder KD V2,8_62573,37,0.7759394227416018,0.6403345151214582,0.8503984201575279,0.7246415149862369,0.9535806193196376,0.9405525826128162,18.44947987370928,0.8615198916037263,0.6082374926635297
DecoderDistillV2_seed42,Decoder KD V2,8_84237,34,0.6717024634077812,0.5168008468319412,0.7720476953149954,0.61788182110027,0.969618999846959,0.9567283181589784,27.260238207109932,0.7521005712057546,0.5682285308329449
DecoderDistillV2_seed42,Decoder KD V2,8_92229,43,0.7233508056684174,0.5764297936561483,0.8060559368366002,0.671484230052555,0.9577919911012914,0.9424129752234444,31.415939391986132,0.8104155827413886,0.5820932023989797
DecoderDistillV2_seed42,Decoder KD V2,9_60031,7,0.7536904418712272,0.6100180253053212,0.7261313988555693,0.8117165030347139,0.993747788583697,0.9846605573384039,14.455384630645556,0.8661368574543442,0.7257275671527353
DecoderDistillV2_seed42,Decoder KD V2,frame_000001,79,0.8240828531861256,0.7039122576825266,0.8133077562196984,0.8455603270887099,0.9824039050531256,0.9635637500623637,13.457745423282528,0.9238495214265464,0.7162888840083583
DecoderDistillV2_seed42,Decoder KD V2,frame_000013,2,0.7925327204596924,0.6567802071621456,0.8921813701501885,0.7135281813146794,0.9706927461995679,0.9642486572271081,5.41547594742265,0.9510157319218397,0.595446373301784
DecoderDistillV2_seed42,Decoder KD V2,frame_000045,3,0.8120934053978903,0.6841336640517738,0.8740730745865993,0.7672737048086677,0.9805137615304753,0.9723052978519852,10.622121584548067,0.8724804892173954,0.7030181393381497
DecoderDistillV2_seed42,Decoder KD V2,frame_000053,3,0.819365400224159,0.6955796322286014,0.8449145404962582,0.7968725560788554,0.9791374372198786,0.9681752522791315,11.35918213907793,0.9022477049694911,0.6553059793326469
DecoderDistillV2_seed42,Decoder KD V2,frame_000075,2,0.8325957482638987,0.7142306365498348,0.8378632882465973,0.8335114329140861,0.9807402220181783,0.9674835205083088,6.192582403567252,0.9248028119740428,0.6185826101837557
DecoderDistillV2_seed42,Decoder KD V2,frame_26,6,0.8263080369569643,0.7042931221607525,0.8782938430299913,0.7868769032888047,0.961918210953828,0.9499028523770666,7.4166026089343395,0.9274778345392688,0.6052122865161345
DecoderDistillV2_seed42,Decoder KD V2,frame_52,6,0.8194352481844714,0.6952056566260881,0.9094463348195267,0.7469335736868717,0.9794403384575183,0.9753824869795423,6.756146695736686,0.9065696337472219,0.6966968715590699
DecoderDistillV2_seed42,Decoder KD V2,frame_8,13,0.7605132614162037,0.6161800700671911,0.7829435131784128,0.7633857565852705,0.9899709975506631,0.9812586857725217,16.21826421819157,0.8362193882614704,0.7207635955824959
DecoderDistillV2_seed42,Decoder KD V2,frame_A,9,0.729155485753206,0.5773987288473895,0.9284367358590941,0.6067924214509951,0.9543139561752921,0.9527079264330133,13.048764432227422,0.753724782128595,0.41440833762376655
F0_F3_probability_ensemble,F0+F3 ensemble,8_140724,27,0.7910984631440688,0.6674483099405322,0.8161121596632311,0.7819721816859341,0.96721223998727,0.9496233904810929,14.630045403788703,0.8902458402970355,0.6601333965023228
F0_F3_probability_ensemble,F0+F3 ensemble,8_1621490,18,0.741302069819223,0.5968881386834163,0.7683070851734191,0.7299384425909157,0.971133071223726,0.9531656901048814,33.56246321145387,0.8461563411384306,0.63481296256747
F0_F3_probability_ensemble,F0+F3 ensemble,8_55896,29,0.7045532374257512,0.5525534896308673,0.7583297631648491,0.6765678303486531,0.965138708813856,0.9452172641104805,32.13714478308238,0.7900724369984582,0.5952961735480018
F0_F3_probability_ensemble,F0+F3 ensemble,8_56826,41,0.7711995982787904,0.6396594265237222,0.8227995868526248,0.738344073748851,0.9420012708665219,0.9252978069037696,21.266214836381053,0.8592717038160941,0.655159578251485
F0_F3_probability_ensemble,F0+F3 ensemble,8_58452,37,0.7249733752406134,0.5813749132134154,0.8113574601034333,0.6774993727678309,0.9535831298438242,0.9388258650505537,25.4936078505843,0.8148709553973346,0.640058258337554
F0_F3_probability_ensemble,F0+F3 ensemble,8_58646,40,0.7580759691489815,0.6166743360245732,0.7993907997054721,0.7313614293035274,0.9529033326427282,0.9313686370860083,23.156613880573147,0.8408478951001523,0.6256682775289106
F0_F3_probability_ensemble,F0+F3 ensemble,8_62573,37,0.7876631653840817,0.6551182428099168,0.8524654001840302,0.7429739582248505,0.9568422114602516,0.9431313179643391,18.181400307809255,0.8691338417852152,0.6330432798864607
F0_F3_probability_ensemble,F0+F3 ensemble,8_84237,34,0.6679258945969468,0.5108984966194848,0.7016721237302141,0.662177043835657,0.97873618977308,0.9615406709564693,34.5098406151069,0.741584827032497,0.5810220403960019
F0_F3_probability_ensemble,F0+F3 ensemble,8_92229,43,0.7268754867819415,0.583576434355873,0.7679899401110515,0.7125224399628415,0.9675048116567628,0.9473866307466241,31.437756476022255,0.8170508302925513,0.5994334877346418
F0_F3_probability_ensemble,F0+F3 ensemble,9_60031,7,0.7205653617430139,0.5697050532002363,0.6860108103605363,0.798910000451806,0.9940714035234206,0.9834594726565025,16.403282088942152,0.823080303827963,0.6859710460380366
F0_F3_probability_ensemble,F0+F3 ensemble,frame_000001,79,0.8389888995317067,0.7250410685524113,0.8348646754995213,0.850462889263512,0.9825589224308542,0.965856238257048,8.711898299312793,0.9419468517483235,0.7458299906037315
F0_F3_probability_ensemble,F0+F3 ensemble,frame_000013,2,0.8049642079768613,0.6740348782580119,0.9143123470090142,0.7200026995710882,0.971017068314363,0.966125488281767,5.002475487839817,0.9519261899281033,0.6354355371401146
F0_F3_probability_ensemble,F0+F3 ensemble,frame_000045,3,0.8111149449908835,0.6825601522334858,0.8584721762470299,0.7769249090238577,0.981729422120159,0.9723154703780268,5.569906709157088,0.8865720009201189,0.7178415066450867
F0_F3_probability_ensemble,F0+F3 ensemble,frame_000053,3,0.7979143143427535,0.6707018714436469,0.8772196799076921,0.7378826904290182,0.9717811772032445,0.9635772705083684,26.556233510361505,0.8980269879451455,0.626855332217085
F0_F3_probability_ensemble,F0+F3 ensemble,frame_000075,2,0.8294665480139722,0.7102576003066481,0.8218086545112411,0.8433721574906834,0.9826173188268255,0.9676208496098692,5.60555127546399,0.9293207581075947,0.6337688509563475
F0_F3_probability_ensemble,F0+F3 ensemble,frame_26,6,0.825019842335859,0.7025521877432851,0.8972398085524014,0.7684220357017225,0.9570359677264605,0.948331197103653,6.941475176227751,0.9247565705765491,0.5994713398845214
F0_F3_probability_ensemble,F0+F3 ensemble,frame_52,6,0.8225638162342556,0.6999041245786772,0.910645201679757,0.7515417267379682,0.9801553837806845,0.97603861490922,6.556698137249154,0.8970057438428093,0.7268130465492263
F0_F3_probability_ensemble,F0+F3 ensemble,frame_8,13,0.7512928903945877,0.6041412987258294,0.7981101972163126,0.7341151272793464,0.9880922786725991,0.9800755427436935,14.038847553062523,0.8299622410903538,0.6851104855528678
F0_F3_probability_ensemble,F0+F3 ensemble,frame_A,9,0.7587002316004292,0.6148063187122441,0.9376686778813609,0.6440207503496375,0.9605993067636097,0.9591878255214562,10.15773372161931,0.8562860783603385,0.49408538347200637
F0_pretrained_seed42,Pretrained F0,8_140724,27,0.7824053544839968,0.6569237414071031,0.8167794738085473,0.7636730520094713,0.9634897617969309,0.9468315972230336,15.862203265791802,0.8831570938798328,0.6414168392774872
F0_pretrained_seed42,Pretrained F0,8_1621490,18,0.7453033226456435,0.6023376340619344,0.7753137514997674,0.7298140212038752,0.9704359367972045,0.9529563056105269,33.092159354269775,0.8495958213731645,0.6373899869181129
F0_pretrained_seed42,Pretrained F0,8_55896,29,0.6973335625631827,0.5445804460885465,0.7621845127627302,0.6595455987343644,0.961782090382741,0.9428684629251713,34.39737266391995,0.789702769494525,0.581832671302112
F0_pretrained_seed42,Pretrained F0,8_56826,41,0.7681704928708424,0.633221883308691,0.8472772899681338,0.7169873121058041,0.9325973114733261,0.9193822349002396,21.61841114289793,0.8577157780618045,0.6430290982496886
F0_pretrained_seed42,Pretrained F0,8_58452,37,0.7143676626091842,0.5693995493782088,0.8027059845744704,0.6717005013495804,0.9523060833376386,0.9367857237129579,30.685251121647624,0.8044588530888296,0.6309695237658159
F0_pretrained_seed42,Pretrained F0,8_58646,40,0.7441237502021693,0.6000439702631019,0.7944939988353278,0.7107766442125947,0.9482644621312293,0.9265464782726053,23.58357878136538,0.8315002128668063,0.6079531075801297
F0_pretrained_seed42,Pretrained F0,8_62573,37,0.7771372406956892,0.6425735276940185,0.8422744823342295,0.7346870750071213,0.9548177522444131,0.9405344370258231,19.86638882059268,0.8619419095343637,0.6206512326236894
F0_pretrained_seed42,Pretrained F0,8_84237,34,0.6574669753710674,0.5001708500008545,0.6914361104046061,0.6529718513198476,0.9781340468504983,0.9604303696582326,35.25847833408068,0.7291112909664438,0.5739973298752507
F0_pretrained_seed42,Pretrained F0,8_92229,43,0.7270261644381414,0.5828219143618222,0.7821481047013596,0.7037079382547229,0.9628965342888525,0.9453753094348816,28.675887958418095,0.8143129863716129,0.588643413179226
F0_pretrained_seed42,Pretrained F0,9_60031,7,0.7416193496183522,0.5955425467529157,0.7104472087391137,0.8086455454623378,0.9942867493413979,0.9845559256419768,15.160087771680276,0.8523188151338177,0.7168131816843338
F0_pretrained_seed42,Pretrained F0,frame_000001,79,0.8350042392977284,0.7188695273750104,0.840933076810454,0.8366936236395184,0.980284212507973,0.9647224522849531,9.011824493012607,0.9403158490100583,0.7302299342914921
F0_pretrained_seed42,Pretrained F0,frame_000013,2,0.7973929997820848,0.6634021749499674,0.921980510525733,0.7034305377183454,0.9683226565735508,0.964241027832577,5.9568572125717605,0.9574022634543933,0.5763180870114925
F0_pretrained_seed42,Pretrained F0,frame_000045,3,0.8114152746331343,0.6830359624074992,0.8602743364436262,0.7762023562352534,0.981669369655549,0.9722696940108401,7.3235209161590475,0.8743691583387312,0.7108714147913453
F0_pretrained_seed42,Pretrained F0,frame_000053,3,0.7959674062838697,0.6690385719533846,0.8894704374160729,0.7263786666682351,0.9695804417704802,0.9627838134771305,14.555063196757482,0.8926139114055069,0.6166523086122286
F0_pretrained_seed42,Pretrained F0,frame_000075,2,0.8259599153218967,0.70542533715983,0.832806495577481,0.823517855611379,0.9800962534669895,0.966407775879419,4.91547594742265,0.9214385350079985,0.6308870600594323
F0_pretrained_seed42,Pretrained F0,frame_26,6,0.8090006984417631,0.6803961456303703,0.9529144357862073,0.7076908837984628,0.937187335364078,0.938847859701454,10.43874186522168,0.8918153152451622,0.5249006303535538
F0_pretrained_seed42,Pretrained F0,frame_52,6,0.8198954402187351,0.6959896858913441,0.9182484244211304,0.7419885518818096,0.9789324671072349,0.9753468831383971,6.880472107631548,0.8879589174748922,0.7126488413343651
F0_pretrained_seed42,Pretrained F0,frame_8,13,0.7591677327262285,0.6143422441612852,0.8073195952481409,0.7356993516904716,0.9883609603372527,0.9805720402647198,12.644371049907424,0.8476545108846941,0.7093852271979286
F0_pretrained_seed42,Pretrained F0,frame_A,9,0.7126350032638941,0.558622916340761,0.9539229579359054,0.5768783247661663,0.9458715237663142,0.9465586344409197,15.829268472463756,0.6974750691057757,0.3843558206370188
F3_directional_multiscale_scratch_seed42,F3 directional,8_140724,27,0.7847052766328865,0.6546421627340273,0.8126852413502365,0.7703637342681254,0.9656164592642699,0.9472984031402719,22.15040315090455,0.8799798641462941,0.6609281539108989
F3_directional_multiscale_scratch_seed42,F3 directional,8_1621490,18,0.7135546281677274,0.5608240168957362,0.767303730028361,0.6820786722447134,0.963590010288369,0.9462517632386676,37.25448529584267,0.8032679178573039,0.5990216189877553
F3_directional_multiscale_scratch_seed42,F3 directional,8_55896,29,0.6868827349713214,0.5323481699122691,0.7525125494831711,0.6541365145481544,0.9604283379148464,0.9402523698487028,34.65900443217918,0.7666726922233955,0.5762625476443971
F3_directional_multiscale_scratch_seed42,F3 directional,8_56826,41,0.7540985069816318,0.6220201403405841,0.8027618965319443,0.7227253101664198,0.9409839289365765,0.9221224901164704,24.726833779469196,0.8400193137564692,0.6404308996867388
F3_directional_multiscale_scratch_seed42,F3 directional,8_58452,37,0.7134570939442806,0.5667960104951953,0.8269693638469533,0.6490043156588636,0.9464066765770517,0.9337116963164678,29.851314904386903,0.8057999206078873,0.6205868048605242
F3_directional_multiscale_scratch_seed42,F3 directional,8_58646,40,0.7512214321554628,0.608873812387958,0.8011320795904128,0.7190023676669108,0.9488339730224862,0.9285404205333171,23.31022907077898,0.8356564338832596,0.6192820973550569
F3_directional_multiscale_scratch_seed42,F3 directional,8_62573,37,0.7828964656603046,0.6480709115193403,0.8581993708378195,0.7299881504042263,0.9542158643757221,0.9411113842122585,20.956821586119347,0.8649141976920578,0.6265672270423509
F3_directional_multiscale_scratch_seed42,F3 directional,8_84237,34,0.6589274592642579,0.5014556583603492,0.7231854063004334,0.6277618909959094,0.9736549824401306,0.9579301721915887,33.872529774099064,0.7384898522875846,0.5672315266427644
F3_directional_multiscale_scratch_seed42,F3 directional,8_92229,43,0.7144775548641626,0.5684082598110025,0.7547770002779337,0.6993125903503892,0.9666492598158228,0.9448728339625057,33.932533680500576,0.8061367629089928,0.583057944552175
F3_directional_multiscale_scratch_seed42,F3 directional,9_60031,7,0.701325536426085,0.5469117980400199,0.6721564296284576,0.7750697882651691,0.9933161268406634,0.9822104317804055,17.352854017705894,0.8049950122275265,0.6557450393157966
F3_directional_multiscale_scratch_seed42,F3 directional,frame_000001,79,0.8335086739958937,0.7174333769379712,0.8261797417771507,0.84922351260191,0.9830174962815779,0.9651313492019761,12.367143973490249,0.9334794871122283,0.7434298012454088
F3_directional_multiscale_scratch_seed42,F3 directional,frame_000013,2,0.8033935429796861,0.6720227607402373,0.8987696394556517,0.7273933055769759,0.9725184273787759,0.966293334961452,4.73606797749979,0.9380452049887433,0.6510162544544736
F3_directional_multiscale_scratch_seed42,F3 directional,frame_000045,3,0.8115680538997653,0.6833633828852781,0.8624248040740952,0.7734061955670547,0.9814404623356707,0.9724934895837531,5.801041412477616,0.9020691019742005,0.7135080292799124
F3_directional_multiscale_scratch_seed42,F3 directional,frame_000053,3,0.7908680556457345,0.6608192475142901,0.8631298430469571,0.7359265318743371,0.9718768076198794,0.9623972574875531,23.639499654431642,0.8815016982677628,0.6009060452210453
F3_directional_multiscale_scratch_seed42,F3 directional,frame_000075,2,0.8150700670989586,0.6886902889941083,0.8057218730273594,0.8336998302734294,0.9809672294956153,0.9645690917974158,28.066050588179866,0.8942945587878606,0.6192244296762321
F3_directional_multiscale_scratch_seed42,F3 directional,frame_26,6,0.8141161282945136,0.6867049619238285,0.839195784657165,0.7957778909484694,0.9658281662188158,0.9479624430346484,7.24375892939893,0.9225576998252464,0.5927958283085765
F3_directional_multiscale_scratch_seed42,F3 directional,frame_52,6,0.8175063993300021,0.6925045563325809,0.8971283151190099,0.7524351364636562,0.98062072553589,0.975608825683966,5.941447475194596,0.892194951069003,0.7277556902331769
F3_directional_multiscale_scratch_seed42,F3 directional,frame_8,13,0.7358151540091329,0.5851870283130054,0.7982986643698242,0.7118895367311784,0.9863420911488663,0.9784569373500885,15.880113162172087,0.805472654925154,0.6617752112290298
F3_directional_multiscale_scratch_seed42,F3 directional,frame_A,9,0.7795272617286737,0.641116813080246,0.8977727843191359,0.6939976706798398,0.9706834405179366,0.9658067491324663,9.227293081272869,0.8713988345437007,0.5692537042734214
K2_dual_teacher_KD_seed42,K2 soft KD,8_140724,27,0.7866192981397978,0.6608809043083065,0.8110148940897555,0.7773137822032715,0.9678425021952083,0.9493600350846848,23.56561701779499,0.8800604283854677,0.66708073105957
K2_dual_teacher_KD_seed42,K2 soft KD,8_1621490,18,0.746100690714859,0.606265843421714,0.7774024747211871,0.7260013548037371,0.9691078761404247,0.9517923990892773,31.677930455883637,0.844742978668061,0.6453890042418793
K2_dual_teacher_KD_seed42,K2 soft KD,8_55896,29,0.695623609114057,0.5472020318313073,0.7551856771897077,0.6636832959436173,0.9628083738476976,0.9439981394809193,31.27575902956312,0.7905384540176238,0.5885565194742173
K2_dual_teacher_KD_seed42,K2 soft KD,8_56826,41,0.7754082629636255,0.6427958765504924,0.8306420616505586,0.7424615027296739,0.9427496144829624,0.9255616723048707,22.890221911749077,0.8659838294450481,0.6604740060099231
K2_dual_teacher_KD_seed42,K2 soft KD,8_58452,37,0.7233116724237417,0.5781554647692869,0.8101511913480731,0.6713378956340158,0.9531990219287997,0.9384914088902968,28.35892464133859,0.8243021926007238,0.6324355778803241
K2_dual_teacher_KD_seed42,K2 soft KD,8_58646,40,0.7537212024392098,0.6120046907549443,0.8021475301679015,0.7216908313407064,0.9502831951993368,0.9295646667491217,22.31583932112393,0.8340249995735818,0.6308899589000219
K2_dual_teacher_KD_seed42,K2 soft KD,8_62573,37,0.7781545651451152,0.6445363787529339,0.8376746234648703,0.7384390086371844,0.9574995791997079,0.9425321011938669,17.376308737341194,0.8675935943258902,0.6151306442112088
K2_dual_teacher_KD_seed42,K2 soft KD,8_84237,34,0.6634276089160708,0.506908243609132,0.7098657240824641,0.6440282195105069,0.9761028303612675,0.960030948415132,31.180742430843793,0.7429149487110918,0.5917791407121233
K2_dual_teacher_KD_seed42,K2 soft KD,8_92229,43,0.7244502575577277,0.5798739961609535,0.7626144905069945,0.7122584487368379,0.9665666914296442,0.9462195108111405,30.029612689183526,0.8181156975203532,0.5868647850786095
K2_dual_teacher_KD_seed42,K2 soft KD,9_60031,7,0.7412008528168984,0.5932553790891086,0.6898816170242482,0.8267409736188119,0.9948782445010941,0.9845363071988968,15.169906445787205,0.8501814971452578,0.7261171755954268
K2_dual_teacher_KD_seed42,K2 soft KD,frame_000001,79,0.8366568667142092,0.7214559879393673,0.8329472212686849,0.8480848033991462,0.9822304301624885,0.9655593678926342,8.922509729087436,0.9412236006113743,0.735774789638204
K2_dual_teacher_KD_seed42,K2 soft KD,frame_000013,2,0.8020888958874183,0.6702527501228709,0.9252738674409313,0.7081787518148583,0.9686255389374909,0.9648513793950677,5.192582403567252,0.9594106107156634,0.6086293231194779
K2_dual_teacher_KD_seed42,K2 soft KD,frame_000045,3,0.8092724833705204,0.6801624396775955,0.8534226605470917,0.7780072519119194,0.9820786761993947,0.9721120198571964,7.5835593739635145,0.8805294693129264,0.7150385085006056
K2_dual_teacher_KD_seed42,K2 soft KD,frame_000053,3,0.8110923090419115,0.6858361276037536,0.8664431442845371,0.7643653043002413,0.9756901035320946,0.9663848876958255,10.97333078893606,0.8978587970175229,0.6440036657733176
K2_dual_teacher_KD_seed42,K2 soft KD,frame_000075,2,0.8349361259173816,0.7183277220143931,0.8377531551174715,0.8380198151189656,0.9816084950886923,0.9683074951176712,5.16227766016838,0.9310122517598425,0.6320864918847919
K2_dual_teacher_KD_seed42,K2 soft KD,frame_26,6,0.8229314511171327,0.6994909082612814,0.907460586465143,0.7617731122314098,0.9542427239739076,0.947059631348464,9.387124484336818,0.9225036792254565,0.5930018064636777
K2_dual_teacher_KD_seed42,K2 soft KD,frame_52,6,0.827441202635474,0.7068285091968057,0.9173127773428802,0.7555710287731059,0.9802824198310182,0.9765523274743161,6.472183638034093,0.8961591281215545,0.7309191998447858
K2_dual_teacher_KD_seed42,K2 soft KD,frame_8,13,0.7440581681136298,0.5953884978742564,0.7748878173469845,0.7384939116559119,0.988955290311777,0.980107234074823,17.27738363825381,0.8258720496360882,0.6963513944620193
K2_dual_teacher_KD_seed42,K2 soft KD,frame_A,9,0.7437715669069754,0.5952578627971078,0.9371986721600307,0.6225222273676742,0.9571156050748763,0.9558885362419927,12.659365766002146,0.8166479227805357,0.4424281078340006
Ours_green_MSE_scratch_seed42,Green MSE,8_140724,27,0.7807821691275472,0.6520838492362683,0.8132893505560653,0.758801182154928,0.9639334135777525,0.9462059868714806,25.205927374579,0.8664643686695489,0.6677021470710935
Ours_green_MSE_scratch_seed42,Green MSE,8_1621490,18,0.7398232973699013,0.5922075397052577,0.8042759314227207,0.6933644789030968,0.9644621775968683,0.9498570760098798,32.46568410832619,0.829567782337057,0.6151677413880281
Ours_green_MSE_scratch_seed42,Green MSE,8_55896,29,0.6807461632551004,0.5277568678211803,0.736123488517955,0.6622686496522426,0.9606614052382974,0.9388532967412346,34.4089005926441,0.7614657041511407,0.5733463336486458
Ours_green_MSE_scratch_seed42,Green MSE,8_56826,41,0.7616451326884279,0.6253665136424569,0.8164795766589223,0.7282289512796764,0.9388417759741815,0.921401977540262,26.617324124151796,0.8459216706671742,0.6564435171771217
Ours_green_MSE_scratch_seed42,Green MSE,8_58452,37,0.7153464411439409,0.5695011324436009,0.8058174477881838,0.6644969586189955,0.9524292047568821,0.9375515499640019,30.415610402727065,0.8019286422928711,0.6361412928053954
Ours_green_MSE_scratch_seed42,Green MSE,8_58646,40,0.7517927521303234,0.6096059342133496,0.8023623523124861,0.7140962652338174,0.9494672728193511,0.9291965484629945,24.531660864964618,0.8340457543729866,0.6387881943494911
Ours_green_MSE_scratch_seed42,Green MSE,8_62573,37,0.7870049180942567,0.6533183987859206,0.8270275115793482,0.7630042762814667,0.9639091047547894,0.9453681739609268,17.931463225828672,0.8677204532080041,0.6451478443765097
Ours_green_MSE_scratch_seed42,Green MSE,8_84237,34,0.6604026694097662,0.5024284665063135,0.7454028365142907,0.6156817627779829,0.9713985882293026,0.9570891436415098,28.826319297243455,0.7471423398068037,0.5714191195983315
Ours_green_MSE_scratch_seed42,Green MSE,8_92229,43,0.7230520092052451,0.5769970595859701,0.7597792420218196,0.7123389061548527,0.9684371728582559,0.9470399368649071,34.32269010014268,0.8017623074408313,0.5953592323164892
Ours_green_MSE_scratch_seed42,Green MSE,9_60031,7,0.7405626314134983,0.5942133793278198,0.7137110206422509,0.799007741326047,0.9938179903034302,0.9840458461218954,15.38991985127339,0.854362330414278,0.722549303521893
Ours_green_MSE_scratch_seed42,Green MSE,frame_000001,79,0.8284358023139542,0.7097753075706715,0.8011597939140201,0.8659490330035171,0.9856572151824963,0.9648085968409248,12.569216248445596,0.9309823226124936,0.7295758674070724
Ours_green_MSE_scratch_seed42,Green MSE,frame_000013,2,0.8104151169471293,0.6823118327510486,0.8660100969288618,0.7664935041588232,0.9787493805375045,0.9691390991215647,6.852454629964747,0.9382642540420605,0.6651199726248915
Ours_green_MSE_scratch_seed42,Green MSE,frame_000045,3,0.8185914777758395,0.6935329710316047,0.85652588970256,0.7905398760632566,0.9837076121122278,0.9741160074873741,5.7728400362196055,0.8983475003871209,0.7160225627264349
Ours_green_MSE_scratch_seed42,Green MSE,frame_000053,3,0.7955674769958562,0.6657627833078572,0.8395896161529904,0.7623019854044414,0.9764408837211453,0.9642486572271082,32.84955174914981,0.881804455729621,0.6253407070844982
Ours_green_MSE_scratch_seed42,Green MSE,frame_000075,2,0.8113069569016096,0.6841913323953983,0.7965336491899322,0.8369312178646042,0.9817723729457447,0.9645080566411667,7.5,0.9084940110803207,0.6138998566332274
Ours_green_MSE_scratch_seed42,Green MSE,frame_26,6,0.810553672543552,0.6816976271718286,0.8280968739379025,0.8029696942707124,0.9671939697160991,0.9474817911791868,7.045059815945543,0.9116916394937427,0.6009013357910974
Ours_green_MSE_scratch_seed42,Green MSE,frame_52,6,0.8156900012986048,0.6893861937719449,0.8706704729818174,0.768531635614316,0.98293096669076,0.9760538736982821,7.183961307786714,0.8896081446384173,0.7257763327274458
Ours_green_MSE_scratch_seed42,Green MSE,frame_8,13,0.7730293997039952,0.6320530553425908,0.7955299852797751,0.7723908556999804,0.9904506202090754,0.9820474477917405,12.159844502770824,0.8584463911604545,0.7350755191077201
Ours_green_MSE_scratch_seed42,Green MSE,frame_A,9,0.7801494788038948,0.641941795207513,0.8950164938349023,0.6951868387150991,0.9710459917221164,0.9660763210725664,9.033629185697423,0.8689660880471297,0.5549092697718049
S0_structure_control_seed42,S0 control,8_140724,27,0.7781878614200234,0.6473849070539929,0.7887510604966798,0.7825262788663419,0.969834087220569,0.9468920672389471,26.443285557840387,0.8716235623857105,0.6659405720769961
S0_structure_control_seed42,S0 control,8_1621490,18,0.7111670423667544,0.5586459623492236,0.7466452132815351,0.694383774568395,0.9673446851571698,0.9479607476136412,38.512589626095945,0.8152001017637596,0.6112207651815957
S0_structure_control_seed42,S0 control,8_55896,29,0.6700924667390149,0.516689793789807,0.7184968727268518,0.6549741093443258,0.9620483012888468,0.9383013495092929,34.25897934920757,0.7543179988560107,0.5748657601463252
S0_structure_control_seed42,S0 control,8_56826,41,0.7638796111407311,0.6278071541575583,0.8027058840799508,0.7405971746127636,0.9442245851057519,0.9226371951231316,25.530406704502383,0.8469435174965004,0.657945380843529
S0_structure_control_seed42,S0 control,8_58452,37,0.7044238571559089,0.5570391609518641,0.7932035775638728,0.6551916873361915,0.9509126011811754,0.9346165012678895,31.254780405010763,0.7980006917464021,0.6250625272835992
S0_structure_control_seed42,S0 control,8_58646,40,0.7503194100036779,0.6071585702276214,0.7841848071310858,0.7284096692904564,0.9533989620098232,0.9298542022715782,25.249088787066604,0.8288503943258487,0.6262778321851803
S0_structure_control_seed42,S0 control,8_62573,37,0.7859234752500843,0.6518509384325573,0.8369879562547888,0.7539097027758035,0.9613158753071487,0.9443767650715836,18.531857909690203,0.8692852619424632,0.6389291632015612
S0_structure_control_seed42,S0 control,8_84237,34,0.6727795385660769,0.5149776885239414,0.7291201663519544,0.645317787656782,0.9754109267293328,0.9596391565665627,29.102112470924766,0.7472330359049169,0.5860056457149474
S0_structure_control_seed42,S0 control,8_92229,43,0.7018999402146109,0.5566088746636227,0.7140533651083524,0.7193115754875943,0.9715256582675271,0.9446776634047324,38.76880794937161,0.7898879633109306,0.5849072486773881
S0_structure_control_seed42,S0 control,9_60031,7,0.7050375957294642,0.5540392808547243,0.6571941709549224,0.7989824197701262,0.9942925218861802,0.9827379499165583,18.558655925300716,0.8126058058926675,0.6922173851253163
S0_structure_control_seed42,S0 control,frame_000001,79,0.8277756153889401,0.708840286485823,0.8050549941381842,0.8605075289390889,0.9847179060041312,0.9645192592964276,12.25261501364916,0.9310695069067523,0.7283584926072675
S0_structure_control_seed42,S0 control,frame_000013,2,0.8109011966637999,0.6824475965113264,0.8837906363066659,0.7523960387216972,0.9765215968555463,0.968643188477041,6.0,0.9488830350748767,0.6759385638901454
S0_structure_control_seed42,S0 control,frame_000045,3,0.8299979896216861,0.7097911793479824,0.8570766557354856,0.8091053372097772,0.9854295714604236,0.9758046468102651,5.70966340149732,0.8962465648160972,0.7415964173469369
S0_structure_control_seed42,S0 control,frame_000053,3,0.7981999272207164,0.6705427752370419,0.8633287679114204,0.7481913434411229,0.9737217283161401,0.964085896810444,29.564552237333142,0.8797246506761351,0.6300861550844706
S0_structure_control_seed42,S0 control,frame_000075,2,0.8059912829789468,0.6752001747386971,0.8181377910108352,0.8078977398602138,0.9757876123593046,0.9612274169927792,31.97056755868719,0.8838753842428726,0.6012679522139643
S0_structure_control_seed42,S0 control,frame_26,6,0.8115424914028354,0.6829377764493708,0.853089711870191,0.7776385224531408,0.9614629430628024,0.9461720784513422,8.275915315249316,0.9176991995118975,0.5995176744767258
S0_structure_control_seed42,S0 control,frame_52,6,0.8134427803284822,0.6868607156424487,0.876898979071235,0.7607662710170838,0.9817908998821605,0.9755452473962065,10.823811069485643,0.8899371701927813,0.7193829500692727
S0_structure_control_seed42,S0 control,frame_8,13,0.7423099620969048,0.5936886466921657,0.7450053641137543,0.7701036623766858,0.9907787445269889,0.9805861253007772,21.37580507360599,0.8191804478902729,0.6763224055545229
S0_structure_control_seed42,S0 control,frame_A,9,0.7709355435561009,0.6302107673150233,0.9274845355477717,0.6649303674613815,0.9651757704393723,0.9627312554259161,9.783062256417173,0.8555065317106788,0.5431530150928237
S2_boundary_centerline_seed42,S2 structure,8_140724,27,0.7760811333226947,0.6466539878404085,0.7906984232785982,0.7741445367212172,0.968823871537156,0.9473995632603514,25.817197465318937,0.8699266457120274,0.6694066973038733
S2_boundary_centerline_seed42,S2 structure,8_1621490,18,0.7077578086199572,0.5573151741893079,0.7443267163652868,0.6865107332706808,0.9665207941995553,0.9468129475919574,42.429680140898,0.7930110109564789,0.5979345698112264
S2_boundary_centerline_seed42,S2 structure,8_55896,29,0.691489334543023,0.5401534380114312,0.7329428540562868,0.6798612060768943,0.9643311415470124,0.9417461526813846,35.363640005011966,0.7806373836979664,0.5924890897697104
S2_boundary_centerline_seed42,S2 structure,8_56826,41,0.7569457406141262,0.6183504933591015,0.822610050982836,0.7141190143964055,0.9327772725251146,0.9167874964284801,25.20091075304547,0.8491846483824518,0.6529707244691606
S2_boundary_centerline_seed42,S2 structure,8_58452,37,0.7121089107438002,0.5645957381131471,0.8180725288477348,0.6515346354100803,0.9482248921291411,0.9347880595449143,31.501575736288974,0.8120122591154929,0.6304684899943317
S2_boundary_centerline_seed42,S2 structure,8_58646,40,0.7488567455680099,0.6061027414338374,0.8064289206302412,0.7091068242633745,0.9466412371347991,0.9271389007579478,23.80990841974879,0.8314381437102568,0.6300976935452736
S2_boundary_centerline_seed42,S2 structure,8_62573,37,0.7823755761074104,0.6481483469810169,0.8460699211127152,0.7410674168614826,0.9578679809629443,0.9425918991510027,18.22018905656162,0.8663269929240256,0.6297991740224872
S2_boundary_centerline_seed42,S2 structure,8_84237,34,0.6743267419604164,0.5164638452042868,0.7566738593556146,0.6271941769346373,0.9729401422450245,0.958919749541068,29.743041110477517,0.7530021295925937,0.5790351243333026
S2_boundary_centerline_seed42,S2 structure,8_92229,43,0.7061830673987425,0.5621301085998717,0.7259608590113916,0.712398408443385,0.9701733137622007,0.9453167582675496,31.758284468962852,0.8034484490854886,0.5853899298248624
S2_boundary_centerline_seed42,S2 structure,9_60031,7,0.6837426795719983,0.5255367726871437,0.6253847323306706,0.7977641332037653,0.9944318614020202,0.9816850934712616,18.73281891718462,0.794175255411356,0.6570973980637188
S2_boundary_centerline_seed42,S2 structure,frame_000001,79,0.8301827323496324,0.7128134439571953,0.8082433023122008,0.8626912611205594,0.9847571043101786,0.9651475737371814,10.938429175963348,0.9320800508406674,0.7372665548364103
S2_boundary_centerline_seed42,S2 structure,frame_000013,2,0.8087496152314437,0.6797451255158005,0.8941096623029093,0.7406412903445634,0.974619323476769,0.967666625977056,4.73606797749979,0.953544860125735,0.6459502631865162
S2_boundary_centerline_seed42,S2 structure,frame_000045,3,0.805605882784814,0.6758885569902517,0.8477997921588005,0.7767920837224286,0.982983740939004,0.972620646159272,6.33925565098879,0.8849303089713674,0.7052433925007392
S2_boundary_centerline_seed42,S2 structure,frame_000053,3,0.7905104824879502,0.6608154051601423,0.8683787619124884,0.7322269254623932,0.9711558148559964,0.9621836344406813,30.721886713426343,0.889190056163618,0.5907460280405653
S2_boundary_centerline_seed42,S2 structure,frame_000075,2,0.833685088358052,0.7170098959704458,0.8235729518429766,0.8514993090690584,0.9835831475667123,0.9687652587895392,5.354101966249685,0.9308802049748073,0.6239166081576326
S2_boundary_centerline_seed42,S2 structure,frame_26,6,0.8029132445345385,0.6715800401985376,0.8082861167015607,0.8028278922018107,0.9686702796202229,0.9462203979500394,8.009166014262677,0.9189414796472928,0.6053535774053445
S2_boundary_centerline_seed42,S2 structure,frame_52,6,0.8185215538564812,0.6938061362756341,0.8864715264301116,0.7621324364717568,0.9817911357943027,0.9760742187503652,5.271300915708965,0.9001216971076312,0.7312576338358339
S2_boundary_centerline_seed42,S2 structure,frame_8,13,0.7326593688874726,0.5833718223580536,0.7329189053084532,0.7704311677842866,0.9907371615421975,0.9802375206583545,18.563059016169134,0.7917050179181226,0.6775935098775896
S2_boundary_centerline_seed42,S2 structure,frame_A,9,0.7738582552373158,0.6339907801306284,0.9201544663411975,0.6729067198477146,0.9666352030992663,0.9635993109814583,9.88905379711551,0.8639541272180464,0.5460371900542051
TransUNet_scratch_seed42,Scratch baseline,8_140724,27,0.7803030800097245,0.6521858495477644,0.7912935792624888,0.7778688066926905,0.9695955221059419,0.9486846923835955,23.881271622136545,0.8713604790721171,0.664338484533417
TransUNet_scratch_seed42,Scratch baseline,8_1621490,18,0.7126350938945973,0.56070729059429,0.7609205103043482,0.6804727003327161,0.9637965014700602,0.9457863701722684,35.942974386060136,0.803069184408793,0.587308016691257
TransUNet_scratch_seed42,Scratch baseline,8_55896,29,0.6796327348518018,0.5260949664104476,0.716397434591834,0.6717526291487014,0.9644086661667697,0.9405922725291932,33.768862750775156,0.760145647901368,0.5791727402730659
TransUNet_scratch_seed42,Scratch baseline,8_56826,41,0.7552037858339167,0.6172882728631963,0.8104662572315604,0.7211643159205545,0.9368189807887687,0.9186766089475061,24.012238591785675,0.8410703297974845,0.6481105789876318
TransUNet_scratch_seed42,Scratch baseline,8_58452,37,0.7116946562440344,0.564471891719311,0.806044860763075,0.6573730546155135,0.9507283991338756,0.9358825683603534,35.00984563278426,0.8015117604541085,0.6226275173105023
TransUNet_scratch_seed42,Scratch baseline,8_58646,40,0.7525357915305984,0.6104050072917556,0.7923092677272129,0.7269907936949777,0.9521048213770807,0.9300552368174735,22.553850921663365,0.8331497001138348,0.6317262147615362
TransUNet_scratch_seed42,Scratch baseline,8_62573,37,0.7847617370420601,0.650805514048686,0.8438566023394314,0.7481196112599208,0.9590178534396514,0.9435016528988774,17.83658707824692,0.8682229533029365,0.6315361799651475
TransUNet_scratch_seed42,Scratch baseline,8_84237,34,0.672952512311454,0.5163212315024375,0.7364351406299425,0.6400396988678914,0.9744617900460758,0.9592029347145472,28.876836230181123,0.747718051273619,0.5795319181287095
TransUNet_scratch_seed42,Scratch baseline,8_92229,43,0.6995651147531672,0.5558218018201668,0.7001425879876434,0.7294207995759542,0.9751097375028425,0.9467727306285376,39.52201150066324,0.7889085762834026,0.587388226338521
TransUNet_scratch_seed42,Scratch baseline,9_60031,7,0.6992663213552895,0.5454455934897778,0.6807495972897966,0.7707772076922896,0.9930493809320026,0.9820970807759429,19.970311455454798,0.7970781901819431,0.6559503325295826
TransUNet_scratch_seed42,Scratch baseline,frame_000001,79,0.8277268823060371,0.7090359470339959,0.8018953885425785,0.8648066992369058,0.9851990430680371,0.9647340412386711,12.534721622624563,0.9303853278175778,0.7309948577125366
TransUNet_scratch_seed42,Scratch baseline,frame_000013,2,0.8098228370456451,0.6813107177850223,0.8738153289671751,0.758257625987266,0.9775094450072034,0.9686965942387591,6.73606797749979,0.9408639119161192,0.651346647274047
TransUNet_scratch_seed42,Scratch baseline,frame_000045,3,0.8229115152469851,0.6997771450449642,0.842060927350185,0.8115593687975649,0.9862431790297714,0.9751129150394423,5.614331165818982,0.8904278980421387,0.7391618260817072
TransUNet_scratch_seed42,Scratch baseline,frame_000053,3,0.7976163288464518,0.6696706602219704,0.8550178166989563,0.7524696859157967,0.9746669239131966,0.9643046061203364,32.84102588466009,0.8853623294586056,0.6188649909913401
TransUNet_scratch_seed42,Scratch baseline,frame_000075,2,0.7971459440695263,0.665919953448664,0.7875715071028948,0.8257956644155284,0.9799187915715846,0.9623336791997936,8.910489343648468,0.889045067330429,0.5896507407739282
TransUNet_scratch_seed42,Scratch baseline,frame_26,6,0.8229033682436214,0.6994051767874857,0.8520345109747542,0.8009948308905431,0.9664378747249884,0.9501851399747187,7.254846076583036,0.9240727618735778,0.6114823295884176
TransUNet_scratch_seed42,Scratch baseline,frame_52,6,0.8288377433943622,0.7081777695932671,0.8796717160680653,0.7855207487797019,0.9839245574876075,0.9776840209964344,5.247555036329245,0.9069776106555553,0.7516864592980329
TransUNet_scratch_seed42,Scratch baseline,frame_8,13,0.7424861104881567,0.5944519538978548,0.7422925721045814,0.7754781361320338,0.9908275716132398,0.9806741567761363,21.397376846269392,0.8085331618948324,0.6786046489458208
TransUNet_scratch_seed42,Scratch baseline,frame_A,9,0.7806950708821918,0.6423577116089104,0.9119162014157696,0.6869201322051062,0.969473530385244,0.9656897650829889,9.76973978547753,0.8717701123999838,0.5375258227738442
