category,title,url,venue_or_journal,year,oa_full_text,jcr_quartile,cas_quartile,task,datasets,innovation_story,reported_metrics,ablation_design,use_for_our_story,notes_to_verify
Nailfold task,A Comprehensive Dataset and Automated Pipeline for Nailfold Capillary Analysis,https://arxiv.org/abs/2312.05930,,,,,,"nailfold capillary analysis",ANFC,"dataset/pipeline baseline for nailfold capillary analysis",,,,,verify publication venue and whether segmentation masks/metrics are directly comparable
Backbone baseline,TransUNet: Transformers Make Strong Encoders for Medical Image Segmentation,https://arxiv.org/abs/2102.04306,Medical Image Analysis,2021,,,,medical image segmentation,Synapse/ACDC,"hybrid CNN-Transformer segmentation backbone",Dice/HD95,,,,cite as TransUNet backbone baseline
Structure metric,clDice - a Novel Topology-Preserving Loss Function for Tubular Structure Segmentation,https://arxiv.org/abs/2003.07311,,,,,,"tubular structure segmentation",medical tubular structures,"centerline-aware metric/loss for topology preservation",Dice/clDice,,,,use to justify clDice as a primary structure metric
Metric guidance,Metrics Reloaded: recommendations for image analysis validation,https://arxiv.org/abs/2206.01653,Nature Methods,2024,,,,image analysis validation,multiple,"metric selection guidance and validation cautions",task-dependent metrics,,,,use to justify metric set and not overclaiming single Dice gains
Green channel prior,SA-UNet: Spatial Attention U-Net for Retinal Vessel Segmentation,https://arxiv.org/abs/2001.05549,,,,,,"retinal vessel segmentation",DRIVE/CHASE_DB1/STARE,"vessel segmentation context; check preprocessing and metrics relevance",AUC/accuracy/sensitivity/specificity,,,,verify if green channel/CLAHE is actually used by the cited method
Vessel metric convention,DeepVesselNet: retinal vessel segmentation via deep learning,https://arxiv.org/abs/1906.12193,,,,,,"retinal vessel segmentation",retinal vessel datasets,"vessel segmentation metric convention reference",sensitivity/specificity/accuracy/AUC,,,,verify exact method and metric table before citing
Evaluation caution,Retinal vessel segmentation: moving beyond benchmark scores,https://arxiv.org/abs/2111.03853,,,,,,"retinal vessel segmentation evaluation",DRIVE/STARE/CHASE_DB1,"evaluation inconsistency and benchmark caution",various,,,,use to motivate unified evaluation script and fixed threshold
Prior/KD,Shape-intensity knowledge distillation for robust medical image segmentation,,,,,,,medical image segmentation,,"prior/shape/intensity distillation story",,,,,find exact bibliographic record and verify relevance before citation
Nailfold microhemorrhage,Nailfold Microhemorrhage Segmentation with Modified U-Shape Convolutional Neural Network,,,,,,,nailfold microhemorrhage segmentation,,"domain-adjacent segmentation innovation and ablation style",,,,,find exact paper and verify metrics/venue
